dataset,lambda,pop_size,seed,best_fitness,return,std,pe_percent,n_evaluations,n_cache_hits,elapsed_seconds
port5,0.5,50,1,-0.001213383441190024,0.0032004682844140766,0.027815488527689558,12.845978285105973,630,155,3.67
port5,0.5,50,2,-0.0012233626510027092,0.0032247499999999985,0.027893094091451735,12.270123507808846,643,142,3.946
port5,0.5,75,2,-0.001335525183546166,0.0033681699999999993,0.02640302317742549,6.360372692892733,986,199,5.919
port5,0.5,75,1,-0.0013682673454334434,0.0034503100000000003,0.026716573678769392,4.578571835243371,978,207,6.063
port5,0.5,100,1,-0.0013755125162398952,0.0034658799999999997,0.02673677182309431,4.178744603841791,1341,244,8.265
port5,0.5,100,2,-0.0013331392211269819,0.003323959999999999,0.02564530283981915,6.140945661760166,1320,265,8.198
port5,0.5,150,1,-0.0013319800877417643,0.0033705499999999986,0.026581757363208138,6.579775691548208,1996,389,11.496
port5,0.5,150,2,-0.0013215050769907668,0.0033173399999999985,0.025967861791423345,6.999672282715666,1981,404,11.626
port1,0.5,50,10,-0.0025703023665247875,0.006272233728740134,0.03363969375143832,10.661565029574518,583,202,5.197
port1,0.5,50,4,-0.0025696906485641567,0.006278034366990082,0.0337439338231595,10.929876951246253,604,181,5.251
port1,0.5,50,5,-0.0025687780517189298,0.006267115379127354,0.033608916609874445,10.625824684481408,596,189,5.262
port1,0.5,50,6,-0.002564760456402406,0.006315048183349263,0.03443148661537068,12.703227040181481,610,175,5.344
port1,0.5,50,2,-0.0025703023665247875,0.006272233728740134,0.03363969375143832,10.661565029574518,578,207,5.347
port1,0.5,50,1,-0.0025696906485641567,0.006278034366990082,0.0337439338231595,10.929876951246253,615,170,5.521
port1,0.5,50,8,-0.0025638176600899527,0.006265795736403383,0.033736633148900304,11.063161239336296,599,186,5.757
port1,0.5,50,7,-0.0025691487536037673,0.006270136617234725,0.03364281661851738,10.698706546727486,630,155,5.831
port1,0.5,50,9,-0.0025635183011864893,0.006309809999999998,0.03439147274582785,12.641208869051857,620,165,6.366
port1,0.5,50,3,-0.0025696906485641567,0.006278034366990082,0.0337439338231595,10.929876951246253,615,170,6.387
port1,0.5,75,1,-0.0025687780517189298,0.006267115379127354,0.033608916609874445,10.625824684481408,954,231,8.901
port1,0.5,75,2,-0.0025703023665247875,0.006272233728740134,0.03363969375143832,10.661565029574518,938,247,9.141
port1,0.5,75,4,-0.0025659980144477584,0.006247278952952589,0.03339585189895703,10.176383958302067,936,249,8.02
port1,0.5,75,7,-0.0025643982617352045,0.006259995098153437,0.033633295626254445,10.797201214641309,913,272,8.014
port1,0.5,75,3,-0.0025687780517189298,0.006267115379127354,0.033608916609874445,10.625824684481408,946,239,8.439
port1,0.5,75,8,-0.0025696906485641567,0.006278034366990082,0.0337439338231595,10.929876951246253,931,254,8.193
port1,0.5,75,6,-0.0025703023665247875,0.006272233728740134,0.03363969375143832,10.661565029574518,962,223,9.113
port1,0.5,75,10,-0.0025648542924905874,0.006309108700039891,0.034342395301707136,12.48968638871875,963,222,8.654
port1,0.5,75,5,-0.0025703023665247875,0.006272233728740134,0.03363969375143832,10.661565029574518,937,248,9.809
port1,0.5,75,9,-0.002568991918603928,0.0062691641054814385,0.033633023478028,10.678943846124856,982,203,10.877
port1,0.5,100,1,-0.0025703023665247875,0.006272233728740134,0.03363969375143832,10.661565029574518,1260,325,12.316
port1,0.5,100,2,-0.0025680348637769105,0.006271943505624015,0.03370272656730008,10.87264280626177,1277,308,12.916
port1,0.5,100,3,-0.0025703023665247875,0.006272233728740134,0.03363969375143832,10.661565029574518,1265,320,11.922
port1,0.5,100,4,-0.0025695129518246546,0.006277061855236794,0.0337347884473504,10.912323829350433,1266,319,12.276
port1,0.5,100,7,-0.0025696906485641567,0.006278034366990082,0.0337439338231595,10.929876951246253,1245,340,11.203
port1,0.5,100,6,-0.0025703023665247875,0.006272233728740134,0.03363969375143832,10.661565029574518,1268,317,11.828
port1,0.5,100,5,-0.002566914971608805,0.006244364071914344,0.033324677473258964,9.978456396678283,1233,352,12.296
port1,0.5,100,9,-0.0025651847599867487,0.0062707440624893,0.03376943207274595,11.10751016455933,1263,322,11.193
port1,0.5,100,8,-0.0025703023665247875,0.006272233728740134,0.03363969375143832,10.661565029574518,1274,311,12.384
port1,0.5,100,10,-0.0025693613830639348,0.00627501312888271,0.033708906282388346,10.85354389282485,1267,318,12.761
port1,0.5,150,1,-0.0025703023665247875,0.006272233728740134,0.03363969375143832,10.661565029574518,1907,478,16.501
port1,0.5,150,2,-0.0025680348637769105,0.006271943505624015,0.03370272656730008,10.87264280626177,1955,430,17.69
port1,0.5,150,3,-0.0025637765447613405,0.006321252053979168,0.03454994883435411,12.94895211095078,1956,429,17.613
port1,0.5,150,4,-0.0025696906485641567,0.006278034366990082,0.0337439338231595,10.929876951246253,1956,429,17.86
port1,0.5,150,6,-0.0025703023665247875,0.006272233728740134,0.03363969375143832,10.661565029574518,1925,460,16.561
port1,0.5,150,5,-0.0025703023665247875,0.006272233728740134,0.03363969375143832,10.661565029574518,1938,447,17.492
port1,0.5,150,9,-0.002564674943507687,0.006244247189620378,0.033390077906542893,10.195771900775698,1903,482,15.519
port1,0.5,150,7,-0.0025695129518246546,0.006277061855236794,0.0337347884473504,10.912323829350433,1947,438,16.457
port1,0.5,150,8,-0.0025696906485641567,0.006278034366990082,0.0337439338231595,10.929876951246253,1943,442,16.462
port1,0.5,150,10,-0.0025703023665247875,0.006272233728740134,0.03363969375143832,10.661565029574518,1980,405,16.207
port2,0.5,50,3,-0.003054436898238853,0.006478033728431001,0.01921353512379475,7.00175811002083,640,145,5.032
port2,0.5,50,2,-0.0030678049072028293,0.006515185967060933,0.01948271420144727,7.638678864063321,627,158,5.149
port2,0.5,50,5,-0.003014247937021479,0.006420840000000001,0.01980767845955305,10.301225568690944,648,137,5.245
port2,0.5,50,9,-0.0030641760326177623,0.006500917958531252,0.01930196604741929,7.062710694319489,632,153,5.276
port2,0.5,50,1,-0.003038711750401635,0.006449999999999999,0.01930224078175202,7.791826852908443,638,147,5.278
port2,0.5,50,10,-0.003041974268176973,0.006445770000000001,0.01902160518058492,6.606709385368953,639,146,5.409
port2,0.5,50,8,-0.003059728363398018,0.006489716022051303,0.019242122940446728,6.960370249128886,638,147,5.526
port2,0.5,50,4,-0.0030265004492222173,0.0064582,0.020129557907603575,11.033709026473657,650,135,5.588
port2,0.5,50,6,-0.003071929230919895,0.006523369668625941,0.019481047373951715,7.515570423503354,641,144,5.676
port2,0.5,50,7,-0.0030612703690142623,0.006503778383448627,0.019525307818830964,7.980417671751485,631,154,5.863
port2,0.5,75,2,-0.0030489592442308456,0.006511929999999999,0.020347272828030477,11.114754881591017,960,225,7.778
port2,0.5,75,1,-0.0030644913040857296,0.006509456263694246,0.019505733913974817,7.817446504276694,977,208,7.904
port2,0.5,75,7,-0.0030509753799810198,0.006471878456956261,0.019233504542704172,7.178183396270729,978,207,7.67
port2,0.5,75,5,-0.0030618356598143695,0.006490837059201554,0.01916156934003095,6.58673021592745,988,197,7.785
port2,0.5,75,8,-0.0030333570130761716,0.006439252745642165,0.01930126212168056,7.941229665343428,960,225,7.633
port2,0.5,75,10,-0.0030459867426263845,0.006521452474143515,0.02072387485222649,12.34336044043008,952,233,7.499
port2,0.5,75,6,-0.003033104655206442,0.006496269999999999,0.020737904657585734,12.730785806282162,979,206,8.098
port2,0.5,75,9,-0.00306668716831421,0.006513059089409083,0.019485501091341274,7.680664715141004,955,230,8.049
port2,0.5,75,3,-0.003007648408616825,0.006438119999999999,0.020562664777852818,12.898757440007232,980,205,8.562
port2,0.5,75,4,-0.003048056921388183,0.006464038681425564,0.019181366965083515,7.060371119886051,958,227,8.556
port2,0.5,100,1,-0.0030643936836011517,0.0065095303692076015,0.019512636982358302,7.845570590226106,1318,267,11.064
port2,0.5,100,2,-0.0030579022585365905,0.006479209999999999,0.019063197080416976,6.311491012117671,1316,269,11.62
port2,0.5,100,4,-0.003059767928152637,0.006499285833516602,0.019487174685195587,7.882982474316387,1298,287,10.964
port2,0.5,100,3,-0.003064313276132851,0.006507642750226218,0.019468338346158753,7.684527999506502,1319,266,11.325
port2,0.5,100,7,-0.0030478406908672614,0.006467912746731646,0.01929329844783218,7.496827029623062,1304,281,10.437
port2,0.5,100,8,-0.0030623435740097173,0.006495852507881123,0.019265652334185014,6.976003327376465,1278,307,10.551
port2,0.5,100,5,-0.0030534796064873833,0.006467110000000003,0.018977639132021572,6.096469324581051,1314,271,10.774
port2,0.5,100,10,-0.003054269059778252,0.006489739613428323,0.01952438203559385,8.175156830685722,1303,282,10.573
port2,0.5,100,6,-0.0030676866092565476,0.006517675087792696,0.019552541248635716,7.898483193673887,1311,274,11.41
port2,0.5,100,9,-0.003067350248078785,0.006509248097660703,0.019353232327007634,7.167090011535003,1326,259,11.406
port2,0.5,150,2,-0.00304663270134784,0.006456589999999998,0.019061075449835433,6.6289765109132635,1968,417,15.488
port2,0.5,150,1,-0.003062024334604715,0.006496056086651202,0.01928749380924776,7.068912929798294,1992,393,17.126
port2,0.5,150,3,-0.0030624841319431746,0.006508916494135552,0.019594596965725113,8.19809525303659,1982,403,15.55
port2,0.5,150,4,-0.0030670400378292654,0.00650688829795263,0.019308242340878714,7.004811104479122,1966,419,16.239
port2,0.5,150,5,-0.003051680746114737,0.006482202021724194,0.019463826178188055,8.026291959237607,1976,409,15.163
port2,0.5,150,6,-0.003060995155856642,0.006503923213649558,0.01954310369251194,8.05321453933322,1969,416,15.718
port2,0.5,150,7,-0.003061057134060059,0.006492740297707459,0.019251650048433266,6.958996791893523,1979,406,14.413
port2,0.5,150,9,-0.003051868486158505,0.0064718776380161755,0.019186992096187593,6.972631276920442,1993,392,14.208
port2,0.5,150,8,-0.0030626514795290744,0.00650504192346143,0.0194868921176077,7.800201228142378,1978,407,14.381
port2,0.5,150,10,-0.003058177607418224,0.006486604711995284,0.01924186833856929,7.003853622009214,1948,437,14.196
port3,0.5,50,8,-0.002786830850184542,0.00610697,0.023093468765668708,6.77983641273342,636,149,6.069
port3,0.5,50,3,-0.002792879399251305,0.006118456886726965,0.023080253209710546,6.568484626532055,631,154,6.089
port3,0.5,50,10,-0.0027778343988538526,0.006112020000000001,0.023587098216870495,7.998188751532751,639,146,6.501
port3,0.5,50,1,-0.002778448186821478,0.006089939999999999,0.023087737575540862,7.0242516337844965,623,162,6.654
port3,0.5,50,5,-0.002691127539967805,0.005885691743884111,0.022437394321723314,8.354291837527375,645,140,6.712
port3,0.5,50,6,-0.0027974261230761578,0.006131553201025679,0.023166807179094903,6.603622000487134,632,153,6.741
port3,0.5,50,4,-0.0027990449381786278,0.006135409999999999,0.023180166600840994,6.580931464128658,625,160,6.877
port3,0.5,50,9,-0.002782408740149438,0.006113582987661972,0.023425744542342655,7.561346884449442,642,143,7.146
port3,0.5,50,7,-0.002801058288357184,0.00613783,0.02314548386371807,6.450296007382574,630,155,7.315
port3,0.5,50,2,-0.0027476245936753994,0.006029899703629136,0.023122511028829392,8.034036914462542,625,160,7.333
port3,0.5,75,2,-0.0027419643973565487,0.005980992315045188,0.022294921402240712,6.4487703735555435,985,200,10.16
port3,0.5,75,1,-0.0027961615034679424,0.006137429999999999,0.02334752648706312,6.996107958825764,997,188,10.521
port3,0.5,75,6,-0.0027968784328152732,0.0061353599999999986,0.023272368473566517,6.828633995716632,967,218,8.596
port3,0.5,75,3,-0.0027970992744192932,0.006126668586814153,0.023075312305049448,6.4295830648877415,981,204,9.47
port3,0.5,75,9,-0.0027937884210471804,0.00612346,0.023149150263144413,6.67922920404163,978,207,8.957
port3,0.5,75,4,-0.0027925190570511713,0.006124269999999999,0.023221367011820346,6.861112898257017,999,186,9.808
port3,0.5,75,10,-0.002801736861774573,0.006138818513809882,0.023137519103411573,6.41362227770225,974,211,8.767
port3,0.5,75,5,-0.0027961364706851474,0.00612665,0.02311659703826895,6.542371573751343,959,226,9.469
port3,0.5,75,8,-0.002794286394050562,0.006119340000000001,0.023038385618330007,6.44043893273385,967,218,10.139
port3,0.5,75,7,-0.002794694293898318,0.006127912828594947,0.02320612507072888,6.7648668125318165,975,210,10.691
port3,0.5,100,2,-0.0027889452788356986,0.006113800813308362,0.02314973554140444,6.828013748670067,1345,240,12.432
port3,0.5,100,1,-0.0027992460713617837,0.006134720000000001,0.02315659425037355,6.527785176683143,1307,278,12.77
port3,0.5,100,3,-0.0027908440547563603,0.006123736816243689,0.023281939496763746,7.030543850891577,1307,278,12.126
port3,0.5,100,4,-0.0027951102458601174,0.0061268500000000005,0.023165265124314157,6.6711007786957754,1313,272,13.579
port3,0.5,100,8,-0.0028052380790334302,0.006145812638363327,0.02313733952502894,6.306508631563226,1330,255,11.586
port3,0.5,100,7,-0.002776919728038159,0.006111490000000001,0.023614625635899503,8.075718041458396,1296,289,12.367
port3,0.5,100,6,-0.002795333811496876,0.006124684564121173,0.023108806570816695,6.551184635747778,1300,285,12.923
port3,0.5,100,9,-0.0027926944488199427,0.00612546,0.02323942990609095,6.891279521407533,1347,238,13.077
port3,0.5,100,10,-0.0027977949397171935,0.006145225003007352,0.023444298316924822,7.131176209775136,1324,261,13.258
port3,0.5,100,5,-0.0027968506409554485,0.006129059999999999,0.02313782008074881,6.563206813748028,1323,262,14.046
port3,0.5,150,1,-0.0027988868090861605,0.006146039037698959,0.023415068215289027,7.042767985452403,2021,364,18.973
port3,0.5,150,2,-0.0027995347113535206,0.006138679999999999,0.023229519523506235,6.663809442257939,1977,408,18.7
port3,0.5,150,4,-0.0028014949293674123,0.006140887557798707,0.023192621651376154,6.531115094051083,1961,424,17.145
port3,0.5,150,3,-0.0027946913401995606,0.006143683587739148,0.023543595888054682,7.410529274322961,1990,395,18.499
port3,0.5,150,5,-0.0027977379859140876,0.006128761394756579,0.023092973453594158,6.445849133164645,1990,395,17.712
port3,0.5,150,6,-0.002799814176072079,0.006138209999999998,0.02320736193228003,6.611519442637094,1995,390,17.068
port3,0.5,150,7,-0.002794678659698434,0.00612945,0.023239894160755805,6.831869811556377,1993,392,16.47
port3,0.5,150,9,-0.002788435365509995,0.006139659999999999,0.02372317999299439,7.924936978519133,1946,439,16.223
port3,0.5,150,10,-0.002790266296805006,0.006120390000000001,0.023234831748691186,6.9560856635886585,1997,388,16.144
port3,0.5,150,8,-0.002781375672280581,0.00610912,0.023374530058138873,7.495709945232112,2020,365,16.991
port4,0.5,50,10,-0.0033312549116809803,0.007497489464385521,0.028896014275736376,3.7907249167879997,605,180,4.896
port4,0.5,50,3,-0.0033151573331640376,0.007473151891721997,0.029031659018973116,4.334481215586886,635,150,5.007
port4,0.5,50,1,-0.0033018252584560478,0.007552489999999999,0.030803238191591222,6.185613441478062,630,155,5.019
port4,0.5,50,4,-0.00332814911801423,0.007497872275621957,0.02900989554606318,3.9809226533692,642,143,5.043
port4,0.5,50,6,-0.0032754873111975756,0.007270729999999998,0.026828257073556742,2.953670017143674,656,129,5.356
port4,0.5,50,2,-0.003282269539717926,0.00726241,0.02641724664994723,2.2356025712880725,656,129,5.364
port4,0.5,50,7,-0.0032633255173044034,0.00733736,0.028472951469617508,5.122158695859638,644,141,5.497
port4,0.5,50,5,-0.00333993368400219,0.007517796051413893,0.028946997830682095,3.6179249168991126,650,135,5.652
port4,0.5,50,8,-0.0033333461482251657,0.007509121384591623,0.029024628992310873,3.862026323609606,654,131,5.741
port4,0.5,50,9,-0.0032976534332176534,0.00729585,0.026467775379972774,1.8896891644301637,644,141,6.058
port4,0.5,75,1,-0.0032923610906905585,0.00748369,0.02998279204175094,5.765227201538629,969,216,7.985
port4,0.5,75,2,-0.0033282276813769354,0.0075012703125971,0.029065700573755827,4.032478182742424,961,224,9.336
port4,0.5,75,6,-0.003303497306036898,0.007535884120967031,0.03047768870654786,5.890419493546217,978,207,8.6
port4,0.5,75,5,-0.0033297928175826347,0.007501113964007808,0.02900910768780279,3.938064580611313,969,216,8.744
port4,0.5,75,8,-0.0033250962984439536,0.007491015660870973,0.02899694921854825,4.046647297144134,972,213,8.504
port4,0.5,75,9,-0.0032774281598527393,0.0074715300000000005,0.03027661936700532,6.381804804790691,978,207,8.422
port4,0.5,75,7,-0.0033285598456718364,0.007497923009040067,0.0289966087275115,3.9575886239708105,1008,177,8.638
port4,0.5,75,3,-0.0032962149341110867,0.00754325,0.03083537143894695,6.349302987953062,965,220,10.043
port4,0.5,75,10,-0.0032999489962095957,0.00749410488280918,0.029903292300179726,5.5068039387863505,962,223,10.373
port4,0.5,75,4,-0.003302899522977267,0.007495272487459612,0.029824041334216896,5.364527424704309,976,209,11.62
port4,0.5,100,2,-0.0033105078099535984,0.007364676973926565,0.027270155005415127,2.5676251304164097,1306,279,12.425
port4,0.5,100,1,-0.0033350380102631933,0.007516567185641834,0.029094521221622593,3.8858311284484857,1326,259,12.745
port4,0.5,100,3,-0.0033358743140950446,0.007507336501834769,0.028906536867025084,3.6824840829623477,1324,261,11.371
port4,0.5,100,4,-0.0033213621912766677,0.007476449885737475,0.028874305241583558,4.02344419929607,1312,273,13.433
port4,0.5,100,8,-0.0033077546312072527,0.007514113534425922,0.029976728841076317,5.372422201848846,1311,274,11.152
port4,0.5,100,6,-0.0032917972514686575,0.007344890000000001,0.027591583808521867,3.437761429178731,1319,266,11.637
port4,0.5,100,7,-0.0033354114502727812,0.007513349099659675,0.029026301850461646,3.8107573028249804,1343,242,11.828
port4,0.5,100,5,-0.003337309445855784,0.007520475679236386,0.029083617167141012,3.817300454743196,1310,275,12.563
port4,0.5,100,9,-0.003289222885505602,0.007469130000000001,0.029844333281023313,5.727210071438995,1330,255,12.923
port4,0.5,100,10,-0.003296827327408244,0.007299877089790923,0.026574845906880352,2.054811688065234,1307,278,12.052
port4,0.5,150,1,-0.003333545631639801,0.007507326166479926,0.02898680567431195,3.820373136809351,2002,383,17.637
port4,0.5,150,2,-0.00332363627524944,0.007490589518295248,0.02903992024431829,4.125310914137786,1955,430,17.921
port4,0.5,150,4,-0.003333554412254765,0.007502144999251613,0.028896992486106294,3.732668284096338,1962,423,16.332
port4,0.5,150,5,-0.0033330721112568773,0.007507560407478738,0.029007174715318013,3.8522076213549754,1980,405,16.402
port4,0.5,150,3,-0.0033412347897806096,0.007521636847902809,0.02896838394425187,3.6054263822692167,1973,412,17.834
port4,0.5,150,6,-0.0033322919167264467,0.007505253312646008,0.028994300805384402,3.859747099795063,2025,360,15.993
port4,0.5,150,7,-0.0033357578085011406,0.0075195915018524805,0.02912174247620151,3.8934173741095943,1983,402,14.047
port4,0.5,150,8,-0.0033317101351192026,0.007507523087864301,0.02905344760309687,3.931623514002435,1994,391,14.153
port4,0.5,150,10,-0.003334675878655836,0.007515722667030227,0.029092454515192677,3.8931167585990925,1980,405,14.179
port4,0.5,150,9,-0.0033243158956439978,0.00748382343260265,0.028899682373940618,3.9723895344390483,2010,375,15.259
port5,0.1,50,3,-0.0030287258061481746,0.0034433800000000002,0.026517200804727824,4.457839673912194,613,172,4.536
port5,0.1,50,7,-0.002845328874717377,0.0032412599999999993,0.026796478366125427,10.47296763388539,643,142,4.561
port5,0.1,50,9,-0.002972082225389254,0.0033814599999999993,0.026689281483536498,6.441839426494321,652,133,4.608
port5,0.1,50,5,-0.0027091177423697317,0.0030757699999999994,0.024305402204092108,5.760991548320551,646,139,4.658
port5,0.1,50,11,-0.002822488581517662,0.0032100699999999976,0.02580201900672421,9.682171590026947,628,157,4.674
port5,0.1,50,2,-0.0030076528723144576,0.00342283,0.026998912512459183,5.748290199477223,644,141,4.901
port5,0.1,50,8,-0.00245905584424212,0.0028176499999999997,0.027718072760904437,23.175639054180955,642,143,4.908
port5,0.1,50,10,-0.002762550179594279,0.00314094,0.025356620517277356,9.153114037191452,650,135,5.408
port5,0.1,50,4,-0.0028654833295977044,0.0032745199999999995,0.028563030371845193,11.621148924243197,616,169,5.525
port5,0.1,50,6,-0.002670889664307061,0.00306837,0.03010703168579388,18.497776208299754,652,133,5.812
port5,0.1,50,1,-0.002774039928637382,0.003158059999999998,0.02611782367706328,11.735267311830645,630,155,5.895
port5,0.1,50,12,-0.00285142502755297,0.0032582399999999978,0.028458912917929208,11.956090995593566,639,146,6.498
port5,0.1,50,18,-0.0029661890892911085,0.0033818599999999996,0.027836111565535202,7.9303118549596245,632,153,4.664
port5,0.1,50,16,-0.0030014068723018916,0.0034135899999999993,0.026612802877207114,5.435348600180586,648,137,5.125
port5,0.1,50,13,-0.002778765387992629,0.00317209,0.02758905797727994,13.36689268299186,647,138,5.592
port5,0.1,50,21,-0.0029244723292773025,0.00333652,0.02799922690409457,9.348354479268504,647,138,4.603
port5,0.1,50,14,-0.002864885244387763,0.003267939999999999,0.02761535000905042,10.779828069784841,640,145,5.678
port5,0.1,50,15,-0.0028392686792382224,0.0032344699999999993,0.026786996987676216,10.647268468788695,646,139,5.874
port5,0.1,50,20,-0.0027033503912342353,0.00307832,0.025910926028562677,12.700177866267794,652,133,5.208
port5,0.1,50,23,-0.002618501283316292,0.00297979,0.0251614221942458,11.188160718332721,630,155,4.833
port5,0.1,50,19,-0.0027627943815535863,0.00314989,0.026852675555037987,13.072366088948657,658,127,6.29
port5,0.1,50,24,-0.002626601242096577,0.003000869999999999,0.027236328295756417,17.649982732306462,638,147,5.042
port5,0.1,50,17,-0.00280300300822069,0.0031919099999999983,0.026403786050358147,11.261821952015287,668,117,6.909
port5,0.1,50,22,-0.002791866591009499,0.0031866100000000003,0.027583039896012317,12.963481304918163,640,145,7.899
port5,0.1,50,25,-0.0028837832202215224,0.0032910099999999987,0.027950989209413832,10.531773832005253,652,133,5.058
port5,0.1,50,30,-0.0030325518805049074,0.0034481499999999992,0.026605097161087755,4.465835958357692,638,147,4.781
port5,0.1,50,26,-0.0030268975235083597,0.0034419299999999984,0.026615686444583595,4.654788006295364,640,145,5.646
port5,0.1,50,28,-0.0029153980224786748,0.00332496,0.02776075962961488,9.393050724958492,630,155,5.582
port5,0.1,50,29,-0.0028341663941495016,0.0032371499999999994,0.028154680934171155,12.21355902465289,650,135,6.025
port5,0.1,50,27,-0.002909403447528047,0.0033209099999999994,0.028180765154969145,9.970200891026352,648,137,6.355
port5,0.1,75,1,-0.0030175639068415958,0.00343588,0.027336439628891717,5.843589443532038,984,201,7.006
port5,0.1,75,2,-0.0030208487842783927,0.0034352299999999996,0.026619206547454914,4.8458985229611145,965,220,7.27
port5,0.1,75,3,-0.002889594300521632,0.0032835300000000006,0.025609119367594267,7.2028515342893815,991,194,6.997
port5,0.1,75,5,-0.002917862365220297,0.0033209799999999994,0.02664950933501449,8.056070954847089,972,213,7.332
port5,0.1,75,4,-0.0030267015399774665,0.003440769999999999,0.026455899157377238,4.4301089020322815,999,186,7.692
port5,0.1,75,7,-0.002927808988639294,0.0033435699999999997,0.02853138821731347,9.725101162461282,965,220,6.959
port5,0.1,75,6,-0.002752880715556437,0.003156309999999999,0.029630775292516728,15.773301370200397,989,196,8.602
port5,0.1,75,9,-0.0029660997887572724,0.0033722400000000003,0.026251897310999823,5.990618337212292,981,204,7.049
port5,0.1,75,8,-0.0030000926797263123,0.0034199999999999994,0.027911882823214933,6.980083354314301,964,221,7.87
port5,0.1,75,12,-0.002849839666140893,0.0032448799999999986,0.026561689302283725,10.032906797116409,995,190,7.662
port5,0.1,75,10,-0.0028599955279651297,0.0032566699999999993,0.0266472272544198,9.833189926789418,976,209,8.592
port5,0.1,75,13,-0.00299364679004338,0.00341331,0.0279878920171956,7.24909138245935,975,210,7.105
port5,0.1,75,14,-0.0029335865722778043,0.0033418400000000004,0.02721569909485993,8.266412486554916,988,197,7.041
port5,0.1,75,11,-0.0026883988993377894,0.00306005,0.025621495011456767,11.773735102223878,961,224,8.858
port5,0.1,75,15,-0.0027158450892650955,0.0030919200000000006,0.02586173055595957,12.235766205167478,997,188,7.77
port5,0.1,75,16,-0.0030248259409978158,0.0034440900000000003,0.027359652593222733,5.648664830139277,974,211,7.135
port5,0.1,75,17,-0.002650609530547724,0.0030141299999999994,0.02492137023766472,9.527551294466893,991,194,8.13
port5,0.1,75,18,-0.0029997515427467284,0.00340693,0.02578477404463165,4.106332799686083,1001,184,6.727
port5,0.1,75,21,-0.002987816002512309,0.0033975399999999992,0.02645184256109409,5.62422146466019,1003,182,6.745
port5,0.1,75,19,-0.002921567513527856,0.0033256599999999994,0.026744436145139442,8.066569859875003,976,209,7.734
port5,0.1,75,20,-0.0028694196881551316,0.0032765700000000004,0.02819455831270787,11.186833258873778,978,207,7.735
port5,0.1,75,26,-0.002865040573483633,0.0032670699999999995,0.027444931502258702,10.6017828535223,957,228,6.222
port5,0.1,75,24,-0.0029448770830916736,0.00335097,0.02664505899943296,7.219044642986049,990,195,7.198
port5,0.1,75,22,-0.0028286921029392334,0.00322667,0.027442830951045646,11.704765000824795,955,230,8.049
port5,0.1,75,25,-0.002858845520632991,0.0032532299999999998,0.026279550865075378,9.354712254207847,986,199,7.169
port5,0.1,75,23,-0.0029873274414926264,0.0033961999999999994,0.026315880853084422,5.433915571042661,978,207,8.796
port5,0.1,75,29,-0.002701389784933375,0.003082729999999999,0.027030948016416964,15.153482059405682,978,207,6.889
port5,0.1,75,28,-0.0027443775323391048,0.0031215999999999995,0.02550734554219527,10.156994850829761,979,206,8.918
port5,0.1,75,30,-0.0029860086535355495,0.0033986300000000006,0.02697375510833646,6.379662922456265,984,201,6.715
port5,0.1,75,27,-0.00282471092311872,0.0032238799999999993,0.02770939856461687,12.089849096127674,972,213,9.293
port5,0.1,100,3,-0.003010040182225521,0.003426929999999999,0.027239092821619116,5.961668796536543,1301,284,9.013
port5,0.1,100,1,-0.0029108090702044303,0.0033082999999999993,0.025818778010504185,6.953089175866457,1305,280,10.231
port5,0.1,100,4,-0.0029883218056367474,0.0034066799999999996,0.02787296079774311,7.297438819725457,1282,303,8.792
port5,0.1,100,2,-0.002899786668761511,0.0032965899999999994,0.02591222322350765,7.471576656224994,1296,289,10.985
port5,0.1,100,5,-0.0030161929355987673,0.0034347799999999993,0.027406032985682553,5.963209457488894,1325,260,9.611
port5,0.1,100,8,-0.002854496237031264,0.0032591599999999997,0.028062031816804802,11.517941546904641,1321,264,9.959
port5,0.1,100,7,-0.002911754286908647,0.0033195299999999994,0.027535924370057595,9.276650996579702,1341,244,11.089
port5,0.1,100,6,-0.0029330552912801037,0.0033532999999999996,0.029140128469156736,10.064729169218218,1321,264,11.264
port5,0.1,100,9,-0.0029438635901211097,0.0033679899999999995,0.02955121146059661,10.052960082872834,1310,275,9.503
port5,0.1,100,11,-0.002917305892405528,0.0033286799999999997,0.028018941378016218,9.583140968310287,1299,286,9.322
port5,0.1,100,12,-0.0029849063356855213,0.00340085,0.02754245165457847,7.06220614996147,1310,275,9.413
port5,0.1,100,10,-0.002848860264479068,0.00324334,0.02648504021536143,9.958992063058584,1288,297,14.366
port5,0.1,100,13,-0.0028268623111037867,0.00321102,0.025110891839242568,6.782598654338534,1291,294,12.098
port5,0.1,100,14,-0.0028415120516289256,0.003239680000000001,0.02723966746696362,11.100709246884502,1330,255,12.881
port5,0.1,100,15,-0.002954827888991174,0.0033592099999999996,0.02616507424197874,6.199755363624074,1315,270,12.966
port5,0.1,100,17,-0.0029514770032226796,0.003364979999999999,0.027749774193193046,8.289671966816336,1333,252,11.644
port5,0.1,100,16,-0.0030164376524618574,0.00343215,0.026925331481365774,5.387587517520571,1299,286,12.207
port5,0.1,100,18,-0.002877201060768952,0.00328791,0.028621310108212603,11.318108769472696,1324,261,10.855
port5,0.1,100,19,-0.002946010905309231,0.0033533,0.02682519239274329,7.419635451547176,1352,233,11.752
port5,0.1,100,21,-0.0029893953753848583,0.0034045899999999994,0.027337817143133707,6.7028295071823125,1314,271,11.576
port5,0.1,100,22,-0.002928390799628799,0.0033412799999999994,0.02806442594659674,9.29112159357091,1319,266,11.019
port5,0.1,100,20,-0.0029385184686156114,0.0033489199999999996,0.02747899768630372,8.403997398835791,1301,284,12.746
port5,0.1,100,23,-0.0030000920544611368,0.00342076,0.028034255035378278,7.099342058250953,1319,266,13.847
port5,0.1,100,24,-0.002956009101250224,0.00336148,0.02632924206082961,6.423309273758035,1312,273,9.662
port5,0.1,100,26,-0.003000471560245495,0.0034120699999999997,0.026531385141847563,5.349296768290941,1285,300,9.4
port5,0.1,100,28,-0.0029477170754344654,0.00335853,0.02737881015777254,8.016717844002375,1333,252,9.544
port5,0.1,100,25,-0.002874024465225522,0.0032727999999999998,0.026738648951373293,9.519521415238671,1319,266,11.943
port5,0.1,100,30,-0.002926237855952466,0.0033327999999999986,0.027070674917248214,8.324113605908964,1320,265,9.999
port5,0.1,100,29,-0.002915125231617679,0.0033274199999999993,0.028205100315779903,9.8198269264252,1326,259,11.063
port5,0.1,100,27,-0.003028316424621051,0.0034447,0.026816706617135144,4.883653768110566,1329,256,13.386
port5,0.1,150,1,-0.002917470678291324,0.003326,0.02755527566704359,9.12305751659869,1952,433,16.496
port5,0.1,150,3,-0.002971262063830089,0.0033823699999999974,0.02699461727269145,6.856458780054844,1986,399,16.351
port5,0.1,150,4,-0.0030218387187349437,0.00344038,0.027295289202544808,5.6666280654873695,1999,386,16.458
port5,0.1,150,2,-0.002941423340969797,0.00334864,0.026898449589187027,7.652115784927567,1985,400,17.808
port5,0.1,150,6,-0.002954440462328716,0.00337345,0.028577007833446043,8.965456188678967,1959,426,15.908
port5,0.1,150,5,-0.0029518231176495335,0.0033644,0.027592912559290746,8.119339688256554,1966,419,16.463
port5,0.1,150,9,-0.0030362529380328768,0.003452209999999999,0.026596251985406247,4.339420372999765,1986,399,13.652
port5,0.1,150,7,-0.0028804561072896997,0.003281779999999999,0.02704549735358929,9.694313251654712,1991,394,14.803
port5,0.1,150,8,-0.0028588247730609705,0.0032574799999999997,0.027001338288875496,10.30463346670122,1991,394,15.368
port5,0.1,150,10,-0.002937846261030753,0.0033521899999999997,0.028129119959438204,9.066012499499632,1984,401,15.066
port5,0.1,150,11,-0.002910542579910102,0.003312699999999999,0.026624691564391328,8.248196606645228,1993,392,14.721
port5,0.1,150,12,-0.0029697873846252637,0.0033849699999999997,0.02769216773290537,7.676703882689601,1994,391,13.472
port5,0.1,150,13,-0.003013356582591408,0.003434960000000001,0.027947704272192463,6.6146061721632465,1981,404,14.085
port5,0.1,150,15,-0.0028848478821308456,0.003297339999999997,0.02876771069604801,11.208746357686419,1953,432,13.223
port5,0.1,150,14,-0.002992787507490694,0.0034031799999999996,0.02647158712833548,5.499749742078344,1985,400,14.585
port5,0.1,150,16,-0.003014921173508677,0.003429409999999998,0.026748425466057123,5.204528615804009,2022,363,14.064
port5,0.1,150,18,-0.0029586412079930687,0.00336897,0.02709830105503502,7.366352825110466,1998,387,13.665
port5,0.1,150,17,-0.003032086644957204,0.0034476599999999982,0.02660965145258291,4.486573012682235,1974,411,14.693
port5,0.1,150,19,-0.00304047180527896,0.00345635,0.02650343274389939,4.075558808494166,1957,428,13.227
port5,0.1,150,20,-0.0029960290248035796,0.0034074599999999993,0.02658664612101722,5.564430768121657,1998,387,14.152
port5,0.1,150,21,-0.003031300508887558,0.0034544899999999993,0.02788198183638336,6.006997526664811,1976,409,13.562
port5,0.1,150,23,-0.0030435809510224207,0.0034648900000000004,0.027353253732888803,5.070529853303349,1986,399,14.3
port5,0.1,150,22,-0.0029517575528638933,0.003368789999999999,0.028311384130082093,8.813026838224545,1995,390,14.535
port5,0.3,50,1,-0.0020984086831578362,0.00329785,0.02646295000197849,8.411003001693102,646,139,4.711
port5,0.1,150,24,-0.0029275840274334912,0.0033301199999999998,0.02636739891731994,7.359787984766137,1983,402,14.949
port5,0.3,50,2,-0.0020616322499653742,0.00329336,0.02850261684095137,11.051592421368632,641,144,4.818
port5,0.3,50,3,-0.0021549343548880615,0.0033780599999999996,0.026439090069562913,6.144595050351711,639,146,4.501
port5,0.3,50,4,-0.002074343675818325,0.0032760626611454966,0.027012354394703814,9.80764539121384,638,147,4.997
port5,0.3,50,5,-0.0020524192265533444,0.003233509591941763,0.026522788177080828,10.289538626564624,644,141,5.264
port5,0.1,150,25,-0.0030280373553485938,0.0034431199999999996,0.026602752611601183,4.601514604069906,1995,390,13.699
port5,0.1,150,26,-0.0029532708301034834,0.00335925,0.02646774827908796,6.71346725245311,2020,365,13.558
port5,0.3,50,6,-0.0020135004505522497,0.00321163,0.027966679545949575,12.706651472422084,647,138,4.741
port5,0.3,50,7,-0.0021551538467728133,0.0033839099999999995,0.026682275841663525,6.3634660036501325,641,144,5.474
port5,0.3,50,9,-0.002189453369767705,0.00344069,0.02702033988389086,5.286483110500743,636,149,4.669
port5,0.3,50,8,-0.0018158758759717502,0.0028972,0.02659349068401576,19.051992093870226,641,144,4.924
port5,0.1,150,27,-0.0029886132610722027,0.0033994999999999997,0.02663395181489175,5.858312552665255,2004,381,15.159
port5,0.1,150,28,-0.0029965961020973052,0.00341612,0.027912702825540713,7.086563507787664,2000,385,14.691
port5,0.1,150,29,-0.002936015268062837,0.003341229999999999,0.02666303282396088,7.515743520770127,2003,382,14.191
port5,0.1,150,30,-0.0030556921729736407,0.00347863,0.027399785952879226,4.754609017008406,1968,417,14.026
port5,0.3,50,11,-0.0021340064422847548,0.0033525200000000003,0.02663065637664263,7.154332455768239,634,151,5.22
port5,0.3,50,12,-0.002152215492128607,0.003383740498274323,0.026857826709261692,6.62619251294676,637,148,5.184
port5,0.3,50,14,-0.0019396123262570872,0.0031611699999999996,0.030177622710816306,16.088718864397805,644,141,5.03
port5,0.3,50,10,-0.0020395368365837287,0.003217569999999998,0.026630944620639446,10.892095899700172,637,148,6.642
port5,0.3,50,16,-0.0021480445273856343,0.0033713356878463958,0.026576333714217925,6.549572950615919,653,132,4.829
port5,0.3,50,13,-0.001826843507901724,0.0029755499999999995,0.029214236945838325,20.258268895389403,649,136,6.366
port5,0.3,50,15,-0.0021275467494609544,0.003343569999999998,0.02664283834598235,7.420583318967288,648,137,5.651
port5,0.3,50,17,-0.0019555929050654596,0.0030998699999999985,0.026728018690414218,14.285947354782667,639,146,6.076
port5,0.3,50,18,-0.0019659992108940734,0.0031080400000000003,0.026434118679333506,13.639341995420558,633,152,6.118
port5,0.3,50,20,-0.002042630833029981,0.0032513899999999994,0.027889195456903975,11.541082076008813,631,154,5.036
port5,0.3,50,19,-0.002039490939199514,0.00322642,0.02701870098040034,11.182650759925627,634,151,6.227
port5,0.3,50,22,-0.0020552733087335824,0.00322419,0.025926800243918604,9.532056035569221,622,163,5.753
port5,0.3,50,23,-0.0019384398869018256,0.0030738499999999986,0.026661777453761602,14.915018122926874,653,132,5.917
port5,0.3,50,21,-0.0021492117831855783,0.003381279999999998,0.026937224356790485,6.806616629333839,617,168,7.263
port5,0.3,50,24,-0.002035211194357268,0.0031835499999999994,0.025382001867644405,8.463534210276642,642,143,6.674
port5,0.3,50,25,-0.002105024794060652,0.0033127599999999997,0.02670250961609837,8.362038835969289,639,146,6.497
port5,0.3,50,28,-0.002073897060289433,0.0032363099999999996,0.025266574738876287,6.952340064656778,647,138,5.67
port5,0.3,50,27,-0.0020326934695291702,0.0032419499999999995,0.028087454522783516,12.01230037262016,637,148,8.442
port5,0.3,50,30,-0.0020530542759806367,0.003216240413132474,0.02571082866628351,9.231038833245947,624,161,7.302
port5,0.3,50,29,-0.0019652701331185143,0.0031389799999999995,0.027809822418316237,14.514289779741832,649,136,8.125
port5,0.3,50,26,-0.0021637043134289605,0.0034143399999999996,0.027467173533209835,6.59992458283797,637,148,10.503
port5,0.3,75,3,-0.002110201549764822,0.003302629999999999,0.025925499045995667,7.328521642443453,983,202,7.682
port5,0.3,75,2,-0.0020907926619325597,0.00329553,0.026837681101232757,9.032126632158386,974,211,9.483
port5,0.3,75,4,-0.002013439984124049,0.00320997,0.02790095672648466,12.680767678194352,986,199,7.954
port5,0.3,75,5,-0.0020953710509134032,0.00330091,0.026787182823544368,8.81211906119342,987,198,7.874
port5,0.3,75,8,-0.002196709105810442,0.0034453200000000004,0.026771557929362134,4.799449134500459,980,205,8.326
port5,0.3,75,7,-0.0020781908624983103,0.0032808740875358493,0.026982772206031992,9.63553962026832,986,199,8.681
port5,0.3,75,6,-0.0021388240844115534,0.0033906299999999986,0.02796527105705965,7.839766736876166,992,193,9.502
port5,0.3,75,1,-0.002029143925766756,0.0032385399999999994,0.02815635358927265,12.177622885439384,988,197,14.26
port5,0.3,75,11,-0.002158287203864877,0.00337112,0.025916326651689612,5.388035530723307,964,221,7.33
port5,0.3,75,10,-0.001977254528017839,0.0031280999999999995,0.02660923849481355,13.339023569375685,960,225,8.167
port5,0.3,75,12,-0.002080128928978979,0.0032539800000000005,0.025668208028676316,8.166423720029766,974,211,8.217
port5,0.3,75,9,-0.002043155949197641,0.0032415999999999994,0.027444735427300564,11.298494780761425,1003,182,10.241
port5,0.3,75,14,-0.0020754875725791664,0.0032454700000000003,0.02558263912766061,8.107793849235613,962,223,8.157
port5,0.3,75,16,-0.0021791551644360476,0.0034332599999999983,0.027332937125011603,5.910841352555776,971,214,7.324
port5,0.3,75,13,-0.0021224743450964814,0.0033293299999999993,0.026334809340713427,7.327633726804561,991,194,8.921
port5,0.3,75,15,-0.0020370702523852292,0.003236979999999998,0.027617370597431922,11.627423414608748,1022,163,8.443
port5,0.3,75,18,-0.0021748008963206685,0.0033958799999999996,0.025968898300295733,4.799924535147114,977,208,8.305
port5,0.3,75,17,-0.0020783220559014745,0.00324905,0.025561230023776606,7.945803734439722,976,209,9.094
port5,0.3,75,19,-0.002134063468441285,0.003329329999999998,0.02559085328515598,5.867154472415972,985,200,9.278
port5,0.3,75,21,-0.002200978673307076,0.0034656099999999996,0.027382982957360226,5.089431761983523,983,202,7.721
port5,0.3,75,20,-0.002166583369039846,0.0033971299999999995,0.02654603742935116,5.786922369666051,951,234,8.483
port5,0.3,75,24,-0.0020432609102967307,0.00318818,0.025064256734991425,7.018523926868277,1003,182,6.845
port5,0.3,75,22,-0.00207922802094203,0.0032757908085146725,0.02669741217285805,9.3772989790806,973,212,8.372
port5,0.3,75,23,-0.00202576653603962,0.003231079999999999,0.0280469525356071,12.26423253705973,975,210,7.114
port5,0.3,75,28,-0.002107660291938078,0.0033393299999999997,0.02768096265558226,8.908348035791281,961,224,5.887
port5,0.3,75,27,-0.00218465168852908,0.0034434899999999996,0.02743424329014861,5.760750067539501,988,197,6.742
port5,0.3,75,26,-0.002058650412637777,0.0032088999999999998,0.02500530526123226,6.374084051319228,975,210,7.77
port5,0.3,75,25,-0.0020428433045166917,0.00322278,0.026652247902901067,10.778797086603392,994,191,8.65
port5,0.3,75,29,-0.002013961200656189,0.0031371999999999997,0.02463593576761468,6.117549778363391,969,216,6.038
port5,0.3,75,30,-0.0021522750021201655,0.0033645400000000005,0.026006601590098512,5.752928735747173,974,211,8.282
port5,0.3,100,3,-0.002178579431353999,0.0034182099999999997,0.026718755500334753,5.46962319060834,1303,282,10.312
port5,0.3,100,4,-0.0021935910005460376,0.0034393099999999992,0.02670368260833211,4.86318197290679,1310,275,9.761
port5,0.3,100,6,-0.0021040295043352262,0.003314186262545345,0.026826658348647347,8.501600706494392,1301,284,9.934
port5,0.3,100,2,-0.002048227959914076,0.0032210399999999997,0.026236109981342137,10.179157424734948,1305,280,11.214
port5,0.3,100,1,-0.00216509626649657,0.0033946193060414988,0.026529056254886437,5.8296941014461785,1356,229,12.057
port5,0.3,100,5,-0.0021878375171084643,0.0034286299999999994,0.026595957267445458,4.992360056962974,1322,263,11.608
port5,0.3,100,8,-0.002116004215072254,0.0033519700000000006,0.02771129642869769,8.599257440221654,1322,263,10.133
port5,0.3,100,7,-0.0021746625339709464,0.003419,0.026996139602361302,5.849873854796484,1304,281,10.716
port5,0.3,100,9,-0.0020685107424548554,0.0033071299999999997,0.028663580698925495,10.841973696919224,1319,266,9.98
port5,0.3,100,10,-0.002174181566776411,0.003397440958842271,0.02607854190793514,4.970738406472391,1282,303,10.662
port5,0.3,100,11,-0.002146397537886444,0.0033605899999999992,0.02620530875691383,6.233312137402369,1334,251,10.639
port5,0.3,100,12,-0.0021307584794727115,0.0033482999999999994,0.02664904754566212,7.298997678231891,1317,268,9.327
port5,0.3,100,13,-0.002062103295762695,0.0032420999999999995,0.026291107763989015,9.683953595096645,1329,256,9.125
port5,0.3,100,14,-0.0021489533892310223,0.003352889999999999,0.025694980752991203,5.433967558077039,1298,287,9.825
port5,0.3,100,16,-0.0021242712988374718,0.0033481099999999996,0.027043526715434633,7.866438108209698,1311,274,9.582
port5,0.3,100,15,-0.002096405341645494,0.0032806200000000006,0.025821738797281252,7.737672952213263,1314,271,9.72
port5,0.3,100,18,-0.002192396760374826,0.00343004,0.026371148352266467,4.58651805875483,1336,249,9.171
port5,0.3,100,17,-0.0021557618399423,0.0033602699999999994,0.025588223857711,4.986353774475643,1343,242,10.067
port5,0.3,100,21,-0.0021688073264044486,0.0034195599999999994,0.02737910843420282,6.345613038146372,1314,271,9.236
port5,0.3,100,20,-0.0020333142571861335,0.0032565599999999995,0.02865180289928636,12.193728849888032,1310,275,10.007
port5,0.3,100,19,-0.0020547261888768332,0.0032880899999999996,0.028690115087672413,11.381545542163506,1322,263,10.297
port5,0.3,100,22,-0.0021233940542574937,0.0033621799999999998,0.027696687271375153,8.303633829840916,1342,243,9.317
port5,0.3,100,23,-0.0021445620824986225,0.0033749199999999996,0.02694945376696755,6.9989652733407945,1310,275,9.33
port5,0.3,100,24,-0.0021784355731597725,0.0034058199999999995,0.026181318202121842,4.927859216045908,1343,242,9.79
port5,0.3,100,25,-0.002157644324525591,0.003374389999999998,0.02610419349928331,5.663689540160504,1323,262,9.916
port5,0.3,100,28,-0.0021725863072373434,0.00340721,0.02661207074259449,5.610952431686396,1306,279,9.781
port5,0.3,100,26,-0.0020924375480516726,0.0032754,0.025841984698569326,7.925648104533296,1278,307,10.127
port5,0.3,100,27,-0.0020857006998398846,0.003290667286250398,0.026942308768638325,9.310960455165754,1292,293,10.041
port5,0.3,100,30,-0.0021482322883910813,0.0033689399999999995,0.026459132740191234,6.430480872069414,1319,266,10.139
port5,0.3,100,29,-0.0021425032747204717,0.00335462,0.026187193134528476,6.367629427626204,1318,267,10.546
port5,0.3,150,2,-0.002170226955648423,0.00339637,0.02628256991186217,5.371629549866084,1990,395,14.393
port5,0.3,150,1,-0.002145795721864583,0.003368899999999999,0.026610416390041473,6.6697027929473425,2033,352,15.084
port5,0.3,150,3,-0.0021317834040221785,0.0033406499999999997,0.026247005923077587,6.862750522430384,2007,378,15.161
port5,0.3,150,5,-0.0022206337489581625,0.00347886,0.026743737649640362,3.8304966019849105,2028,357,14.259
port5,0.3,150,4,-0.002182771274590821,0.00341626446430464,0.02637004932509776,4.967851613876305,1980,405,14.998
port5,0.3,150,6,-0.002196340947815831,0.00344394,0.02673431329360385,4.781612445742288,1976,409,14.655
port5,0.3,150,9,-0.0020775885029344324,0.0032971399999999996,0.02771338407494155,10.09675299933067,1965,420,13.957
port5,0.3,150,7,-0.002097423084900807,0.0032981799999999995,0.02653946213340886,8.52101407023552,1976,409,15.081
port5,0.3,150,10,-0.0021714379180674728,0.0033886499999999996,0.025859690764619664,4.7791063603316095,1955,430,14.074
port5,0.3,150,8,-0.0019553223209940293,0.0030706599999999985,0.025438794455579675,10.785140331065286,1973,412,15.323
port5,0.3,150,12,-0.0021867737598971404,0.003426389999999999,0.026564339511386245,5.004572502016753,1997,388,14.588
port5,0.3,150,11,-0.0020774982878343424,0.0032481099999999994,0.025572036300462873,8.010234100009425,1986,399,15.57
port5,0.3,150,13,-0.0021774540449604816,0.00344562,0.02795710732768552,6.3356891506166475,1978,407,14.917
port5,0.3,150,14,-0.0021422561220496034,0.0033403199999999995,0.02555829141070765,5.481779244036558,1978,407,14.631
port5,0.3,150,16,-0.0021721610508952383,0.0034222899999999984,0.02729114319730614,6.157235744128417,1975,410,14.579
port5,0.3,150,15,-0.002149093201788575,0.00338135,0.02694759100002725,6.819174226068759,1982,403,15.463
port5,0.3,150,17,-0.0021314838281708544,0.00335303,0.026810269912177647,7.405616593789014,1991,394,15.369
port5,0.3,150,18,-0.002170139918821917,0.003403389999999999,0.026597812013903342,5.694642628824752,1985,400,15.458
port5,0.3,150,20,-0.002222555997823253,0.0034781599999999992,0.026592981666644464,3.6151571615756737,1973,412,14.619
port5,0.3,150,19,-0.002205894525498848,0.0034561399999999986,0.026671050129378794,4.347450560368807,1968,417,15.096
port5,0.3,150,21,-0.0021488608011104617,0.0033557400000000003,0.025830034126286514,5.6423443666639495,1987,398,15.498
port5,0.3,150,22,-0.0021999103484404417,0.0034464400000000003,0.02662064684660875,4.537650282624075,1999,386,16.458
port5,0.3,150,23,-0.002201164632580941,0.0034665,0.0274095705559852,5.099345668553139,1983,402,15.477
port5,0.3,150,24,-0.002222112929633655,0.0034781900000000004,0.026622050407281137,3.660437958616198,1975,410,14.913
port5,0.5,50,3,-0.00130991111815886,0.0032959999999999986,0.026003418307643293,7.666792371491738,637,148,4.753
port5,0.5,50,4,-0.0013321887222064789,0.003375509999999999,0.026667068747559055,6.5729712693557145,647,138,4.809
port5,0.5,50,5,-0.001258767138278483,0.00311393,0.02442121461850403,5.600403113122497,637,148,4.981
port5,0.5,50,7,-0.001325138444785688,0.003335979999999999,0.026185933445814446,6.885651543538368,654,131,4.93
port5,0.5,50,8,-0.0012068252988452542,0.00309899,0.026178987801469544,13.48062270571273,632,153,5.05
port5,0.5,50,6,-0.001193351504436621,0.0031260699999999986,0.02719130359373667,14.159710410480239,629,156,5.387
port5,0.3,150,26,-0.0022247133094459716,0.00348302,0.02667087616071311,3.6032456935019623,1996,389,15.641
port5,0.3,150,25,-0.0021505231194091606,0.0033743199999999992,0.026551891369595425,6.428715053423035,1999,386,15.84
port5,0.3,150,27,-0.0021386451851125895,0.003361729245920354,0.02674355293222759,7.068183860078341,1986,399,15.561
port5,0.5,50,9,-0.001233827317893576,0.00326978,0.028321817812648392,11.503828040925141,643,142,5.129
port5,0.5,50,10,-0.0013206942906976403,0.00332953,0.02623244972557308,7.147479335142568,618,167,4.94
port5,0.3,150,29,-0.0022318425923047143,0.0034956899999999996,0.02677937064827358,3.4194720292452763,1994,391,15.856
port5,0.3,150,28,-0.002160483397481051,0.003394164347531625,0.026797490292381623,6.251062652822182,1966,419,16.861
port5,0.5,50,11,-0.0012403534457843233,0.0032690899999999997,0.02807816070242766,11.265712199852114,659,126,5.44
port5,0.5,50,12,-0.0012482471610300294,0.0031673799999999996,0.02590146092288891,10.995738395165466,648,137,4.608
port5,0.5,50,15,-0.0012132593904218307,0.0031293099999999997,0.026510209715434892,13.161920902724331,631,154,4.487
port5,0.5,50,14,-0.0011008932692346603,0.0029950599999999995,0.02816511071397872,18.78880042545316,611,174,5.193
port5,0.5,50,13,-0.0012859869487440191,0.0032159699999999994,0.025377078289510833,7.818377092401533,647,138,5.433
port5,0.3,150,30,-0.0021102697778955662,0.0033083899999999996,0.026179077021190912,7.643612950691304,2008,377,16.769
port5,0.5,50,17,-0.0011134165304131198,0.00298601,0.027553165683343178,18.410400916394185,641,144,4.962
port5,0.5,50,16,-0.0013149428277688736,0.0033384199999999986,0.026618308444795135,7.526118738662638,643,142,5.239
port5,0.5,50,18,-0.0010867471153420752,0.0028536599999999996,0.026079987908659955,17.545965861483023,612,173,4.857
port5,0.5,50,19,-0.0012602076570245406,0.003163096350857911,0.025351154545874832,8.717905535093081,658,127,5.366
port5,0.5,50,20,-0.0012114616340054907,0.0030369200000000002,0.02477895744354508,8.503746234660662,638,147,4.64
port5,0.5,50,21,-0.001330430096428528,0.0033602599999999995,0.026446168099423087,6.650596410142099,637,148,4.756
port5,0.5,50,22,-0.0012352942462588456,0.0032108899999999992,0.027208482270834364,11.852003156800263,656,129,5.037
port5,0.5,50,23,-0.0011732241420797343,0.0030553399999999993,0.026625020485260296,15.376746596522052,655,130,5.133
port5,0.5,50,24,-0.0013229849110476535,0.0033170300000000003,0.025904829239056827,6.883040844064595,643,142,4.586
port5,0.5,50,25,-0.0013140051661858945,0.00332346684721015,0.026371509529004238,7.551656455004385,628,157,5.055
port5,0.5,50,27,-0.0013412408166405803,0.00337727,0.026358838493356254,6.033736531394672,624,161,5.058
port5,0.5,50,26,-0.0013544344879885934,0.00336292,0.025574421284220945,4.879624858852627,626,159,5.238
port5,0.5,50,28,-0.0012105880793792903,0.003153159999999998,0.027055199892837927,13.245888271530829,639,146,5.265
port5,0.5,50,29,-0.0012675523611399375,0.0031741700000000005,0.02527974045990435,8.203858133052927,632,153,5.49
port5,0.5,50,30,-0.001249333083067284,0.00324802,0.02737432800755904,11.03790375532949,657,128,5.277
port5,0.5,75,4,-0.0012690692697157205,0.00328901,0.027402033876494626,9.949182139709416,971,214,7.104
port5,0.5,75,5,-0.0012885905000224246,0.0032707999999999995,0.02633664746992582,8.959851838118931,979,206,7.019
port5,0.5,75,3,-0.00128630111095094,0.0031954699999999997,0.02495731912882711,6.424638691637283,973,212,7.59
port5,0.5,75,6,-0.001252903920746443,0.0032072578606003833,0.026484901719800613,10.960486379161486,976,209,8.039
port5,0.5,75,8,-0.001220973724098868,0.0032436365382719733,0.02831411467932976,12.203501118667067,987,198,7.417
port5,0.5,75,7,-0.001212813097940443,0.0031582199999999985,0.027066470108219002,13.120978043964124,981,204,8.185
port5,0.5,75,10,-0.0012699678589107985,0.0033040799999999996,0.027643159771965336,9.825789061798073,966,219,7.598
port5,0.5,75,9,-0.001316302745500159,0.0033450199999999998,0.026691094188880337,7.452767028425583,979,206,8.111
port5,0.5,75,11,-0.00134060953181877,0.00336776,0.026201926195653254,6.027235188532045,976,209,8.269
port5,0.5,75,12,-0.001310117403200162,0.003269679999999999,0.02548421459648452,7.206875875796878,969,216,7.947
port5,0.5,75,14,-0.0013147005070391691,0.003316279999999999,0.026208376254962088,7.4750190010894215,968,217,7.38
port5,0.5,75,13,-0.0012309103207532545,0.0033016799999999995,0.02898032709431505,11.297865934255615,986,199,7.949
port5,0.5,75,16,-0.0013421459168428867,0.00340606,0.026865743360536785,6.02170849336308,991,194,7.001
port5,0.5,75,15,-0.0012779800496271036,0.00321059,0.02558573627523336,8.810260668199343,979,206,7.496
port5,0.5,75,17,-0.001356679160010067,0.0034270399999999997,0.02671482135406983,5.219469668959724,967,218,8.299
port5,0.5,75,18,-0.0013135558162175212,0.0033136800000000003,0.0262024496481714,7.537180862521116,995,190,7.65
port5,0.5,75,21,-0.0013785031156916608,0.0034646899999999986,0.026602326376027288,4.003201238130022,985,200,7.033
port5,0.5,75,19,-0.0012743146464004908,0.003211539999999999,0.025747052398265288,9.477596956062621,976,209,8.472
port5,0.5,75,20,-0.0013174430409427645,0.00328779,0.025551984621834587,6.953806696122101,982,203,8.021
port5,0.5,75,22,-0.001153288063958471,0.003050348561183544,0.0272721915743235,16.334207750256496,953,232,7.545
port5,0.5,75,25,-0.0012210039425210484,0.0031762299999999995,0.027096533264569168,12.663720767278326,978,207,7.535
port5,0.5,75,24,-0.001347188334210755,0.0033599799999999994,0.025799289361889195,5.458594745104299,977,208,7.824
port5,0.5,75,23,-0.0012649204685644395,0.0031518099999999997,0.024939307586040165,7.158905754400358,984,201,8.108
port5,0.5,75,26,-0.0012741539473147647,0.003190979999999999,0.02535097839079331,8.189289764631788,988,197,8.055
port5,0.5,75,28,-0.0012573614620368329,0.0031342199999999983,0.024889698188735293,7.264200526275827,945,240,7.315
port5,0.5,75,27,-0.001329525613046051,0.0033663300000000003,0.026594713269894422,6.716787884157563,977,208,7.885
port5,0.5,75,29,-0.0013340290897743369,0.00339269,0.02691898624486678,6.466384699109,985,200,8.107
port5,0.5,75,30,-0.001317304109766466,0.0033024599999999993,0.02584282841461181,7.166695795288666,992,193,7.981
port5,0.5,100,4,-0.0013294674616565055,0.0033379500000000006,0.02605791773505682,6.595982897739072,1308,277,10.385
port5,0.5,100,5,-0.0013616703358055391,0.0033841999999999995,0.02570718437302929,4.577823284805025,1295,290,10.846
port5,0.5,100,3,-0.0013574443137339349,0.003374669999999999,0.02568620977357559,4.800299491053356,1313,272,11.567
port5,0.5,100,6,-0.0012961213296633239,0.0033363900000000003,0.027279064145849144,8.49733281235595,1339,246,10.775
port5,0.5,100,8,-0.0012468996137311363,0.00312471,0.025117937266776656,8.419356063002647,1315,270,10.821
port5,0.5,100,9,-0.0013858922965201707,0.003481099999999999,0.026632975931346062,3.5970460319734605,1316,269,11.239
port5,0.5,100,7,-0.0012386710549524378,0.0033194999999999995,0.029019956755569502,10.857130702092288,1326,259,12.01
port5,0.5,100,10,-0.001379935290407963,0.0034700399999999993,0.026649004093663112,3.9284371446400836,1312,273,12.895
port5,0.5,100,12,-0.0013271647340723563,0.0033908199999999993,0.027138359048683964,6.819396174372647,1319,266,11.41
port5,0.5,100,11,-0.0013192009750674282,0.0033177499999999995,0.026064306049943933,7.173167263472689,1322,263,12.1
port5,0.5,100,13,-0.0013349156140348639,0.0033523499999999996,0.02612506022826115,6.318360800516841,1307,278,12.169
port5,0.5,100,14,-0.001252791961677522,0.0031965599999999993,0.026286423808592824,10.944940885816122,1321,264,11.617
port5,0.5,100,16,-0.0013034559828168921,0.0033838099999999992,0.027872890671156014,7.919696707563379,1319,266,9.626
port5,0.5,100,18,-0.0013668974955019513,0.00344036,0.026581290581837762,4.644139080705315,1320,265,9.977
port5,0.5,100,17,-0.0013383290007844915,0.0033681499999999986,0.026296235442188592,6.1813477243485115,1319,266,10.406
port5,0.5,100,15,-0.0013067039928056083,0.0033205199999999995,0.026591577884525448,7.981461061406349,1329,256,11.46
port5,0.5,100,20,-0.0013540523734087606,0.00336391,0.02560869487464129,4.930238373878947,1316,269,9.342
port5,0.5,100,19,-0.001199061845528542,0.00316327,0.027661278150926363,13.689057274948798,1314,271,10.05
port5,0.5,100,21,-0.0013163063166431693,0.0033764299999999997,0.027273015357925874,7.3914183294099605,1319,266,9.307
port5,0.5,100,22,-0.0012070342664991843,0.00315798,0.027274740457090173,13.385134300979795,1310,275,9.469
port5,0.5,100,23,-0.0013448096747479535,0.0033604999999999998,0.025901363873435175,5.655692067138543,1315,270,9.288
port5,0.5,100,24,-0.0013145610838178202,0.003347509999999999,0.026802757924593478,7.547256550321793,1300,285,9.288
port5,0.5,100,25,-0.0013695947733577264,0.003403819999999999,0.025780427717253765,4.184527233831946,1306,279,9.33
port5,0.5,100,26,-0.0013195634464355042,0.003329509999999999,0.026275142380755817,7.221742574239234,1318,267,9.87
port5,0.5,100,27,-0.0013037631570794906,0.00329869,0.02628999212325897,8.105634901039243,1319,266,9.354
port5,0.5,100,28,-0.0013685514733689185,0.0034481200000000003,0.02666490302367822,4.55994187889398,1326,259,9.643
port5,0.5,100,30,-0.0012723938777436004,0.0033216464916672513,0.02787218570869622,9.610496617335032,1282,303,9.67
port5,0.5,100,29,-0.0012799585946414412,0.0031924199999999996,0.025149608559918317,7.302576906651717,1309,276,9.864
port5,0.5,150,3,-0.0013687257751839842,0.0034387499999999995,0.026482040133494825,4.529145644700039,1995,390,13.821
port5,0.5,150,5,-0.001332034664095727,0.00331521,0.025517458176874633,6.097928417496983,1993,392,13.932
port5,0.5,150,4,-0.001345055510280831,0.0033937299999999998,0.026525817224702767,5.849223142231527,1997,388,14.697
port5,0.5,150,8,-0.0013769981489589662,0.003464909999999999,0.026662964990451964,4.092212723483789,1985,400,13.948
port5,0.5,150,6,-0.0013388073021078008,0.00340518,0.026973420172169457,6.198766300140265,2000,385,15.222
port5,0.5,150,7,-0.001287802990031146,0.0033318999999999988,0.02750080035085719,8.896086397429377,1984,401,14.819
port5,0.5,150,9,-0.0013685960051829853,0.0034468599999999995,0.026639594396950357,4.555561117836631,2010,375,14.203
port5,0.5,150,10,-0.0013692021980604738,0.00344913,0.026659437426154592,4.523561038788391,1986,399,14.724
port5,0.5,150,11,-0.0013301003414820797,0.0033461,0.026189679590171395,6.60988485175127,2000,385,14.196
port5,0.5,150,12,-0.0013716581226751341,0.0034097500000000005,0.025815378258893122,4.092526048205461,1999,386,14.422
port5,0.5,150,14,-0.0013750918950875433,0.00345762,0.026597673015226597,4.191751169300984,1965,420,14.749
port5,0.5,150,13,-0.0013733508993005632,0.0034543499999999997,0.026601657869367325,4.288640122841082,1992,393,14.779
port5,0.5,150,16,-0.0013827681277703884,0.00347417,0.026620175515184405,3.7688152762583624,1989,396,13.496
port5,0.5,150,15,-0.0013576102230121912,0.0034099599999999983,0.026357912549661744,5.122626043868288,2016,369,14.271
port5,0.5,150,17,-0.0013133043946111744,0.00332382,0.02640475735123598,7.596168656987151,2003,382,14.808
port5,0.5,150,19,-0.0013489084355767158,0.00342268,0.02692328228219153,5.645717687179037,2004,381,14.031
port5,0.5,150,18,-0.0013742271315072816,0.0034580599999999993,0.026638425947969162,4.243606378419767,2017,368,14.698
port5,0.5,150,20,-0.0013507344851006516,0.0033900399999999995,0.02624063699300564,5.474490699366198,1999,386,14.627
port5,0.5,150,21,-0.0013789921461013082,0.0034649300000000006,0.02658845064680122,3.974567076555276,1969,416,14.305
port5,0.5,150,22,-0.0013576027520470933,0.00338756,0.025929799380361846,4.954128507037551,1980,405,14.467
port5,0.5,150,23,-0.0013220312406981073,0.0033877299999999994,0.02727026803322227,7.077931301472583,1969,416,13.512
port5,0.7,50,1,-0.0005033919255894566,0.003247790548833488,0.025937982052266516,8.891615329663967,660,125,5.178
port5,0.5,150,24,-0.0013396929060135497,0.00336763,0.026234408473851674,6.088406475303745,1975,410,13.899
port5,0.7,50,2,-0.00047093284614873785,0.00321915,0.026587111642707703,10.784012087948648,635,150,5.335
port5,0.5,150,26,-0.0013244401471022766,0.003327039999999999,0.026041499684070536,6.870181360075873,1989,396,14.231
port5,0.5,150,25,-0.0013420928611631473,0.0033706199999999995,0.026199890795072126,5.943804492336624,1989,396,14.474
port5,0.7,50,3,-0.00042401335952686026,0.0027552093920710447,0.023980630817821442,9.726942325678714,635,150,5.135
port5,0.7,50,4,-0.0004738019443283342,0.0033333599999999996,0.027417566206244644,8.7541641642845,643,142,5.075
port5,0.7,50,5,-0.0005407026382225233,0.0032135700000000002,0.024592924701962456,4.531999679490187,612,173,4.53
port5,0.5,150,27,-0.0013235263221259958,0.003332339999999998,0.02617799373038367,6.973097901671755,1987,398,13.875
port5,0.7,50,7,-0.0005196956106390873,0.0032766220997189964,0.025726335013994954,7.651822745482608,621,164,4.565
port5,0.7,50,6,-0.0004242016862027321,0.00283548719174644,0.024682106628116544,11.558342588182704,642,143,5.342
port5,0.5,150,28,-0.0013422412381117474,0.00339409,0.026638459485798065,6.015037233895298,1977,408,14.561
port5,0.7,50,8,-0.00047045543894083897,0.00310846,0.025692760543978732,11.199190399810215,668,117,5.419
port5,0.7,50,9,-0.0005110673546036366,0.0031413299999999995,0.02482313567726583,6.849581521380402,650,135,5.027
port5,0.7,50,10,-0.0005079253873369599,0.003244159999999999,0.025782680029791866,8.683473683541024,646,139,5.258
port5,0.7,50,11,-0.0004902906257300494,0.00300815,0.024265035817875622,6.744964973869492,636,149,5.082
port5,0.5,150,29,-0.0013081463739343458,0.00331606,0.026453114223684675,7.889576108521635,1970,415,14.627
port5,0.7,50,12,-0.0005172530135766219,0.00313343,0.024575713517424887,5.925047650863633,642,143,4.979
port5,0.7,50,13,-0.0004921495385934754,0.003112969999999999,0.025120892312590123,8.643141648112248,661,124,5.33
port5,0.5,150,30,-0.0013434134138843967,0.0034360899999999975,0.02737267199655899,5.884601008777981,1996,389,14.283
port5,0.7,50,15,-0.0004909886205027369,0.0031522644772459117,0.025486431198666053,9.501284386898837,632,153,4.898
port5,0.7,50,14,-0.0004849068051845277,0.00328392,0.02673331775720735,9.204429227446084,644,141,5.148
port5,0.7,50,16,-0.0005172652419585184,0.0032240999999999993,0.02535363479271003,7.560335853280429,645,140,5.334
port5,0.7,50,17,-0.0003884309280695366,0.0028143892432275198,0.025519903853903063,15.72019339135901,646,139,5.056
port5,0.7,50,18,-0.0005077732934831197,0.0032112699999999996,0.025512117751511184,8.483911288143057,636,149,5.019
port5,0.7,50,19,-0.00043290602368053626,0.00301737,0.025975399799465868,14.100739550318115,637,148,5.129
port5,0.7,50,21,-0.000522415429441395,0.0032916985720803987,0.025776349685674618,7.3321996870232224,650,135,5.008
port5,0.7,50,20,-0.0004163309916089155,0.0026558399999999996,0.02331219816782268,8.268735496137545,644,141,5.084
port5,0.7,50,22,-0.0004570430950415018,0.0031024811780013335,0.026013767189122287,12.699596849796043,660,125,5.155
port5,0.7,50,23,-0.000549954242986568,0.003428618725706328,0.026148787863885244,4.231387945718724,619,166,4.638
port5,0.7,50,24,-0.000509897108450844,0.00322306,0.02555165333060399,8.420872167705237,632,153,5.315
port5,0.7,50,25,-0.000488705781736674,0.0031974083065548775,0.025926178447655934,10.28233476379228,646,139,5.351
port5,0.7,50,26,-0.0004799710158225821,0.0029853767116561052,0.02436748412109434,7.584491257595941,638,147,4.807
port5,0.7,50,27,-0.0005391767674071755,0.003359742946835574,0.025877351284293176,5.627807897857299,639,146,5.176
port5,0.7,50,29,-0.0005050766836223574,0.00319754,0.02547226268421742,8.580576701611681,643,142,5.004
port5,0.7,50,28,-0.00048450402273050186,0.0031412500000000004,0.02557540607887357,10.089166563746172,654,131,5.615
port5,0.7,50,30,-0.00038001697713198037,0.0025565,0.023510879635607607,10.786649640598853,648,137,5.312
port5,0.7,75,1,-0.0005087652767543013,0.003160979999999999,0.025057896481254848,7.499445529284701,1002,183,8.207
port5,0.7,75,4,-0.0005505521039718657,0.0034348655578008047,0.02618362529107446,4.121302982858366,997,188,7.612
port5,0.7,75,3,-0.0005598366465607258,0.003370172589741214,0.025388836983480944,4.22679059126289,982,203,8.194
port5,0.7,75,5,-0.0004991042112695266,0.003173204207557175,0.02543498858427743,8.886664897086321,969,216,7.473
port5,0.7,75,2,-0.000449871517533394,0.0028915799999999995,0.02442488433856534,9.439613261412465,991,194,8.569
port5,0.7,75,7,-0.0005112885909809144,0.003183287075542014,0.025176449644223636,7.5901277120336985,976,209,7.897
port5,0.7,75,8,-0.0005503295499684337,0.0033730331888086927,0.025678796330106793,4.830097394001642,977,208,7.573
port5,0.7,75,6,-0.0004989428715062366,0.00327343,0.026270193008529206,8.776082206505908,999,186,8.498
port5,0.7,75,10,-0.0004909788472501338,0.003273664217371958,0.02648774428085169,9.121349365253291,951,234,7.26
port5,0.7,75,9,-0.00047102174864722377,0.0031156599999999997,0.025737028670568804,11.258305928944614,978,207,7.936
port5,0.7,75,11,-0.0005402494791493439,0.00322346,0.024692061212655148,4.76584155697689,976,209,8.096
port5,0.7,75,12,-0.0005127625179236358,0.003200609999999999,0.025281853516938763,7.710077131132513,987,198,7.957
port5,0.7,75,14,-0.0005062251699050756,0.0033037600000000006,0.02631954271462624,8.013973090298345,955,230,7.506
port5,0.7,75,16,-0.0005067738056267144,0.0032850699999999993,0.02615195142604865,8.246639806417821,974,211,7.442
port5,0.7,75,13,-0.00046197275916447006,0.0031836385801578483,0.026541579640870894,11.701098619769553,993,192,8.061
port5,0.7,75,17,-0.0005371514554357569,0.0032356235844508297,0.024886474235142616,5.356652970638771,967,218,7.817
port5,0.7,75,15,-0.00044068629171192103,0.003053715630082221,0.026061147801516596,13.808706748610199,987,198,8.279
port5,0.7,75,18,-0.000555704626211158,0.003362205558761303,0.02543779644031504,4.574793445203148,959,226,7.676
port5,0.7,75,19,-0.0005041516293286404,0.003193819999999999,0.025466907677874254,8.629426471242608,962,223,7.705
port5,0.7,75,20,-0.0005189406016563489,0.00317174,0.02485907130616943,6.44826926198122,977,208,7.94
port5,0.7,75,21,-0.0005499777734472565,0.003325059234481707,0.025285229931925977,5.244066462217862,978,207,7.578
port5,0.7,75,22,-0.0004892804787082838,0.0031373999999999994,0.025409208715731282,9.444691786186647,997,188,7.655
port5,0.7,75,23,-0.00053993780007845,0.0032517307769184237,0.024945123571468324,5.291619987833928,960,225,7.194
port5,0.7,75,24,-0.0005274814502710207,0.0031510179877155984,0.02443136000084607,4.990533185425067,989,196,7.609
port5,0.7,75,26,-0.000513973909878933,0.00312126,0.024564902085265218,6.09290264257501,969,216,7.227
port5,0.7,75,25,-0.0005193305440736026,0.0030890999999999996,0.024124660054641103,4.7456399642482445,981,204,7.786
port5,0.7,75,27,-0.0005527887806763335,0.003403999612348221,0.02586810233881911,4.36538804705267,992,193,8.084
port5,0.7,75,29,-0.0005186249803790558,0.00314062,0.024598519688937854,5.895420414220327,1015,170,7.543
port5,0.7,75,28,-0.0005310502482272812,0.00324775,0.02516445201846443,6.295779596805826,973,212,7.856
port5,0.7,75,30,-0.0005549347366355585,0.0033349872649841546,0.025229275592898254,4.808575975678373,971,214,7.683
port5,0.7,100,4,-0.0005353357738610414,0.003365734295097184,0.026032521272661844,5.769811581198921,1285,300,9.459
port5,0.7,100,1,-0.0005445411644789902,0.0033661004361032936,0.02578174787247749,5.24911631027069,1321,264,10.758
port5,0.7,100,2,-0.0005412293419999974,0.00330163387076156,0.02533379502416459,5.928042882462793,1319,266,10.452
port5,0.7,100,3,-0.0005386273454143747,0.0032320371432040893,0.024813124336782864,5.115122916085243,1336,249,10.464
port5,0.7,100,5,-0.0005480092428098288,0.00341748457650476,0.026110647257436663,4.47113909489996,1307,278,9.621
port5,0.7,100,6,-0.0005443162047415557,0.003352798956277711,0.025677212858924374,5.39750572820858,1302,283,9.922
port5,0.7,100,7,-0.0005238751227382814,0.003292192760802412,0.025739982947670083,7.241867596599645,1325,260,10.507
port5,0.7,100,8,-0.0005000807648695549,0.0032425898113381266,0.025986155064679106,9.130238134868046,1301,284,10.27
port5,0.7,100,10,-0.0005186391007937774,0.0033003925037157983,0.0259526670889515,7.444996005741049,1311,274,9.696
port5,0.7,100,9,-0.0005500944956956199,0.003325893646280481,0.02528900377037207,5.230155632862169,1311,274,10.517
port5,0.7,100,11,-0.0005303444500474724,0.0032534599999999997,0.025233015502724877,6.472593847930393,1333,252,11.054
port5,0.7,100,12,-0.0005182201935876238,0.0032287021508816726,0.02536562498672108,7.521103041848694,1315,270,10.612
port5,0.7,100,13,-0.0005506801735926541,0.003305737876640258,0.025100972929334362,4.871583539411386,1307,278,10.516
port5,0.7,100,14,-0.000517905039655809,0.003171595383090727,0.024887563597433535,6.572955111772333,1292,293,10.37
port5,0.7,100,17,-0.0005092464991914381,0.003149168157792701,0.024942904749687047,7.222599817615929,1307,278,10.044
port5,0.7,100,15,-0.0005308476736891755,0.00324625,0.0251574279377689,6.295594908251266,1306,279,10.48
port5,0.7,100,16,-0.0005069856515537558,0.0032715699999999993,0.026035287823760727,8.41128803242977,1314,271,10.332
port5,0.7,100,18,-0.0005046689284698175,0.003321446159996315,0.02650511863042623,7.82219630755699,1311,274,9.799
port5,0.7,100,19,-0.0005075847646870182,0.0033255599999999995,0.026459760157453698,7.636328297095219,1314,271,9.883
port5,0.7,100,21,-0.0005202095088073773,0.0033301417042728098,0.02615429498939121,6.991996502152433,1305,280,10.051
port5,0.7,100,20,-0.0005314131721156897,0.0032674408575083386,0.02532133727953596,6.566530656954461,1315,270,10.834
port5,0.7,100,22,-0.0004929185917535649,0.0031097333456810063,0.025071367047768054,8.486965129204394,1305,280,10.651
port5,0.7,100,23,-0.000506292647594354,0.0031147399999999995,0.02473081803296232,6.924847538728094,1320,265,10.554
port5,0.7,100,24,-0.0005501849008286306,0.003412885249596225,0.026013201979276295,4.411717724829262,1313,272,10.471
port5,0.7,100,25,-0.0005527248627196379,0.0033359782380475516,0.02530015834774353,4.972043114041086,1325,260,10.219
port5,0.7,100,27,-0.0005190494016377462,0.0031779400317769554,0.024909338693273265,6.548366908452633,1304,281,10.067
port5,0.7,100,28,-0.0005231587715234329,0.0033568600000000006,0.026292291876315804,6.489079692405445,1301,284,10.253
port5,0.7,100,29,-0.0005525881228518158,0.003333038145158303,0.025279108276985082,5.000478376394867,1299,286,10.171
port5,0.7,100,26,-0.0005353630936592373,0.0032398262292605076,0.024973837027660848,5.644946222500013,1327,258,10.716
port5,0.7,100,30,-0.0005406525704015774,0.0033128049544236945,0.0254443065740938,5.992590577388066,1334,251,10.005
port5,0.7,150,2,-0.0005395596465057738,0.0032067999999999992,0.024567119532713004,4.549368584688818,1982,403,15.717
port5,0.7,150,3,-0.0005442485350080246,0.003317286157015509,0.02538101968278738,5.710230925772792,1973,412,16.371
port5,0.7,150,1,-0.0005149698603450594,0.0032540899999999994,0.025669802705428603,8.166747671401557,2001,384,18.554
port5,0.7,150,4,-0.0005468599477595728,0.0033128000338606143,0.025269407319597564,5.431175593442872,1955,430,18.456
port5,0.7,150,5,-0.0005538620601080625,0.003364581959849587,0.02550945280946468,4.68044957219966,2009,376,18.507
port5,0.7,150,6,-0.0005125250158897344,0.00320121,0.025293646410293455,7.748791157420201,1949,436,18.104
port5,0.7,150,11,-0.0005307067929381107,0.00327051,0.025367194987167687,6.697933614179392,1993,392,17.893
port5,0.7,150,12,-0.0005421331873829248,0.0032925450181866163,0.025231225497473794,5.683266817276217,1984,401,19.709
port5,0.7,150,8,-0.0005443528807029326,0.0033495364822964373,0.025648950521164428,5.42688820284234,1988,397,20.188
port5,0.7,150,9,-0.0005539692486330539,0.0033450528977619002,0.025341851908186434,4.821626944535752,2007,378,21.01
port5,0.7,150,7,-0.0005157222162405086,0.0033347,0.02631370592783192,7.142708247606131,2008,377,21.895
port5,0.7,150,10,-0.0005235049811257535,0.0033177954856486013,0.025962436176930347,6.9762108781233785,1998,387,22.061
port5,0.7,150,14,-0.0005101061338909841,0.00308178,0.024331868171744764,5.772131459055764,2000,385,16.035
port5,0.7,150,13,-0.0005482591280882661,0.003392386733081964,0.025896963193071863,4.751432618630522,2004,381,17.623
port5,0.7,150,15,-0.00052711695420661,0.0032852905557205162,0.02559213641809154,7.11518400358786,2008,377,16.695
port5,0.7,150,18,-0.0005613371365169561,0.003381990503966001,0.025446302416569127,4.034233157623871,2003,382,15.11
port5,0.7,150,16,-0.000543457839103417,0.0033616720043596554,0.02577495357358933,5.3593452428289385,1963,422,16.379
port5,0.7,150,17,-0.0005525422313285935,0.0034373262887982567,0.02614945110898625,3.989402446706858,2014,371,17.298
port5,0.7,150,19,-0.0005369345203776062,0.003306707357229166,0.025497273994099942,6.291575957575748,1981,404,15.123
port5,0.7,150,21,-0.0005353955469756062,0.003315756498453949,0.02561616126478915,6.30781267779914,1979,406,17.402
port5,0.7,150,22,-0.0005430399380610129,0.003402403054499798,0.026122813737337134,4.915431202549104,1991,394,16.44
port5,0.7,150,20,-0.000524899826534775,0.003262434670113717,0.025462313173431717,7.260446948260922,1963,422,17.973
port5,0.7,150,24,-0.0005395166529058365,0.0032955734519790293,0.025330822069110994,6.03894263857254,1994,391,16.15
port5,0.7,150,23,-0.0005429915963575441,0.0033811844383139274,0.025949504127842325,5.172936405679582,1975,410,17.127
port5,0.9,50,1,0.0001996354410765795,0.002124122052962763,0.021396979183802133,6.79076421261241,643,142,5.762
port5,0.9,50,4,0.00023154699225155567,0.0019142365116151198,0.02167873108763691,10.870859118005939,643,142,5.801
port5,0.9,50,2,0.000190056648167903,0.0022048599999999995,0.021357867355247258,5.540648822518753,644,141,6.37
port5,0.9,50,3,0.00016523171838134777,0.0020485783832829636,0.020278328791255733,2.1261624435928166,645,140,6.239
port5,0.7,150,25,-0.0005442531202723555,0.0032948504426490374,0.025190758297505958,5.467220863770506,1995,390,16.636
port5,0.9,50,6,0.00023861910605140933,0.001489125940473873,0.020750681383693206,10.781194055029404,640,145,6.174
port5,0.9,50,5,0.0001991877379839446,0.002232118482572779,0.021664091801904786,6.686229591171829,646,139,6.365
port5,0.7,150,26,-0.0005393870546789132,0.0032219415000401042,0.02470382837112841,4.844653985892923,1992,393,17.097
port5,0.9,50,7,0.00017200719039949186,0.0020580839714679205,0.020488901807409022,3.0709307815314735,661,124,5.815
port5,0.7,150,28,-0.0005475280447686724,0.003336195001366054,0.02544827963989326,5.338512082840566,1983,402,15.865
port5,0.7,150,27,-0.0005004417178518795,0.0031802599999999994,0.025456862171920804,8.846194117506254,1969,416,18.057
port5,0.7,150,29,-0.0005467984559589015,0.0033192729583901136,0.02532597287817201,5.514634178123836,1983,402,17.965
port5,0.7,150,30,-0.0005310047656606848,0.0033454895112234465,0.025984668218733176,6.2436781814777,1990,395,16.739
port5,0.9,50,11,0.00017792462991787623,0.002323278862504267,0.02135031917971935,3.9050248006368338,631,154,5.535
port5,0.9,50,8,0.00017708074308592776,0.0022321537282639463,0.021089652963593372,3.8569032418608282,622,163,6.252
port5,0.9,50,12,0.00019409744940202163,0.002081491682872202,0.02114097174496432,6.055818075529009,646,139,5.625
port5,0.9,50,15,0.0001826754575891878,0.002304942272186374,0.021426092214033104,4.52614852571104,649,136,5.81
port5,0.9,50,10,0.00018938023472238495,0.0016739443345669298,0.019910205874795802,4.443416941671583,644,141,7.356
port5,0.9,50,9,0.0001805239413868387,0.001960162256204558,0.020454289607352252,4.071015136092322,643,142,7.394
port5,0.9,50,13,0.00018488866395235511,0.002152326074887579,0.021085046608678045,4.872581098188647,658,127,6.503
port5,0.9,50,14,0.0002414719326033145,0.0022777296800867972,0.02283381752800472,11.790035992941323,645,140,7.378
port5,0.9,50,16,0.00018267684933287524,0.0022583206660753375,0.02130490073878175,4.566582364910932,636,149,6.127
port5,0.9,50,17,0.00019878586405669876,0.002238119356629496,0.02166917420668377,6.629830968227314,664,121,6.562
port5,0.9,50,19,0.00022522965461469738,0.00198787,0.021705520409300315,10.088582375702323,637,148,5.581
port5,0.9,50,18,0.0002338304372198184,0.0015084557249802277,0.020674084951343773,10.179276250053846,636,149,6.245
port5,0.9,50,20,0.0002315287539790035,0.0015563569845488947,0.020740846774578606,10.046855100838759,622,163,5.459
port5,0.9,50,21,0.00019441666055444246,0.0016974147975807492,0.020115172281210944,5.270067810913895,650,135,6.07
port5,0.9,50,22,0.00018200999253427722,0.0025845642801509213,0.022122548088855942,3.8226960809792,633,152,6.725
port5,0.9,50,24,0.00018859626079451957,0.0019324631782200769,0.02059780405276595,5.128864136971515,644,141,6.27
port5,0.9,50,28,0.00018608902626875636,0.0021711300000000003,0.021166063673005647,5.0323546237568175,621,164,5.94
port5,0.9,50,25,0.000183991942482199,0.0020201184811984114,0.02070973444226008,4.647076499302166,647,138,7.237
port5,0.9,50,23,0.00018451723798245713,0.0018323673588465724,0.02021424068618497,4.309851144220086,645,140,7.83
port5,0.9,50,26,0.00020098606397548713,0.0019697399999999998,0.0210280253200735,6.873759332259587,611,174,7.514
port5,0.9,50,27,0.00019361676588310013,0.0017952627352804504,0.020361811734801366,5.487767310973298,637,148,7.083
port5,0.9,50,29,0.00019847027535709847,0.0019318225692342532,0.02086071619843607,6.4783711890444895,642,143,9.148
port5,0.9,50,30,0.00016825847041581921,0.0023349354587787322,0.021127970305147955,2.66405007086609,637,148,9.372
port5,0.9,75,1,0.00018272874400998215,0.002692771661399883,0.022410461598448225,3.5107466317743894,983,202,11.752
port5,0.9,75,2,0.00017497947907708109,0.0020282190857900824,0.020488516774473376,3.431485971816711,975,210,13.04
port5,0.9,75,4,0.00018013617955269933,0.00219738168205546,0.021078539580400128,4.257844848633802,989,196,11.63
port5,0.9,75,3,0.00018350991659761193,0.0018148117780203313,0.02013816427691586,4.112754954297423,973,212,13.333
port5,0.9,75,5,0.000166263091266727,0.002253504136850768,0.020859676809891262,2.444743978012834,964,221,12.898
port5,0.9,75,7,0.0001965050036207422,0.001850737242283098,0.020590686347878848,6.042080844647983,988,197,11.956
port5,0.9,75,9,0.0001835948073511198,0.00238163556221272,0.021647641995592135,4.5318045467824755,961,224,12.965
port5,0.9,75,10,0.00018635777438025169,0.0018135237858168812,0.020213036303939533,4.514192993078106,982,203,12.599
port5,0.9,75,6,0.0001907230437798947,0.0018357629807048226,0.020393336107942955,5.195608512203285,986,199,14.742
port5,0.9,75,11,0.00018580706352627085,0.001983654983511291,0.020660551834014496,4.839278074863515,959,226,10.139
port5,0.9,75,8,0.00020049927020215062,0.0021928764093678567,0.021596988245250418,6.882235538001877,984,201,15.231
port5,0.9,75,12,0.0002059668178357269,0.002400006321528494,0.022260264797980187,7.221848874860527,979,206,11.413
port5,0.9,75,13,0.0001875866215185127,0.0017118918642930734,0.019965965706889535,4.335915950475367,986,199,11.153
port5,0.9,75,15,0.00019829570000166893,0.0016628230879345198,0.02012676517573113,5.6964480270202165,985,200,11.444
port5,0.9,75,18,0.00018270301843320444,0.0019503387649051653,0.020486767949736643,4.352196989775086,972,213,12.272
port5,0.9,75,14,0.0002062017726784767,0.0019627515400350852,0.02114702308132768,7.564015688332112,983,202,14.458
port5,0.9,75,19,0.00017184090280425766,0.0020547062384197934,0.02047522965944289,3.043286813676311,986,199,11.074
port5,0.9,75,20,0.00020195066778609623,0.0014857946288217689,0.019735195032346345,5.391396576645606,1002,183,11.003
port5,0.9,75,16,0.00017492928341260907,0.002208872579674887,0.020971317485770833,3.578332946297677,989,196,14.112
port5,0.9,75,17,0.00018001182542771844,0.0022231690646911336,0.02114312948287961,4.23891168185258,1005,180,13.241
port5,0.9,75,22,0.00021559485383948262,0.0015638510712465443,0.020330053313701125,7.791352690586969,951,234,12.987
port5,0.9,75,23,0.00018281281220233777,0.0020111045715272844,0.020653847350905783,4.474058355980307,966,219,12.518
port5,0.9,75,21,0.00017692345484949726,0.002312556096547229,0.021296297656953844,3.788963578460156,970,215,13.811
port5,0.9,75,24,0.00019004885307869642,0.0022883459914028307,0.021573735374781258,5.47518763861533,988,197,13.109
port5,0.9,75,25,0.0001713483164329346,0.0020026996146842464,0.020320167264768686,2.886266592071101,964,221,11.165
port5,0.9,75,28,0.00018047207748931663,0.0019391104780350412,0.020395618409976106,4.019362367416301,989,196,10.49
port5,0.9,75,30,0.00017517938755419243,0.002316117464995526,0.021260059946966413,3.5637165932508497,963,222,10.301
port5,0.9,75,26,0.0001767893518374261,0.0022882427983935043,0.02122926783886331,3.792462817281853,987,198,13.566
port5,0.9,75,27,0.000172546748739448,0.0021466869345221364,0.02074221251971345,3.238662689000994,997,188,11.906
port5,0.9,75,29,0.0001665587010078642,0.0019194053193704204,0.019958268488270613,2.0133244682702487,970,215,14.239
port5,0.9,100,1,0.0001701338394127897,0.0021358000833857018,0.02064821347535261,2.9075088880950655,1312,273,18.344
port5,0.9,100,2,0.00019276213809643725,0.0026044468431041944,0.022440212476882174,5.009231970696777,1318,267,19.448
port5,0.9,100,4,0.00020002677626541324,0.001886553847063569,0.020781459711637466,6.60735773889022,1321,264,17.022
port5,0.9,100,7,0.0001762754149128685,0.002016482407324949,0.02049183185904307,3.589821307057661,1315,270,14.813
port5,0.9,100,5,0.0001804396556213485,0.002274626212383964,0.02128907588568332,4.269215772505019,1324,261,18.876
port5,0.9,100,6,0.00017510723829219265,0.002251929720271933,0.02108976082050207,3.5956390537249936,1342,243,17.563
port5,0.9,100,3,0.00017477875590581784,0.002339001397216031,0.021309332739629493,3.4893012306821594,1342,243,20.493
port5,0.9,100,10,0.0001738065596317225,0.001992957113691062,0.02036069937133323,3.20739349280213,1285,300,16.502
port5,0.9,100,8,0.00017656556539882582,0.002309848527448486,0.02127989186855554,3.7459837842352375,1323,262,18.794
port5,0.9,100,12,0.00019263815081818877,0.0021481697684049674,0.021277403968077535,5.8832198884289255,1305,280,15.713
port5,0.9,100,11,0.00016855589666914055,0.002040814799244393,0.02034801045676019,2.5707223090751405,1318,267,18.466
port5,0.9,100,9,0.00017672196212989056,0.0020677128386001457,0.02064227716739241,3.7240797468476905,1326,259,19.91
port5,0.9,100,15,0.00019099663799602808,0.0019907851412639516,0.020818665559818702,5.555176457690912,1310,275,16.091
port5,0.9,100,13,0.00018547815057745764,0.0022302900000000002,0.021304854704384934,4.94150489979953,1293,292,18.228
port5,0.9,100,18,0.00017350780820564986,0.002245262553281047,0.021029980280377357,3.3901969100334894,1303,282,14.518
port5,0.9,100,19,0.0001745529548187365,0.00207295696860079,0.02059796785226951,3.436945183665424,1291,294,14.324
port5,0.9,100,16,0.00016482909705297196,0.0020820541131341347,0.02035885033772196,2.1253707988789907,1320,265,17.34
port5,0.9,100,14,0.0001931985934053088,0.0017522191162733097,0.020232550919321395,5.291771501999586,1302,283,18.066
port5,0.9,100,17,0.00017709282333512998,0.0021204198755471375,0.02079355698527374,3.8257239498878466,1320,265,16.977
port5,0.9,100,20,0.00016537735462345015,0.0020298338657836756,0.020230909827451262,2.1117450613642066,1304,281,15.253
port5,0.9,100,21,0.00017772185503980883,0.0021259266848404207,0.020825052314829604,3.913560623164042,1324,261,14.478
port5,0.9,100,23,0.00017939026817456933,0.0020087247652799604,0.02055514925220997,4.003498122939267,1315,270,14.771
port5,0.9,100,24,0.00017018029500270382,0.0020627093879534075,0.020451873964614925,2.828340841753331,1326,259,15.276
port5,0.9,100,22,0.0001913051560847803,0.0020308950544304124,0.020933616280673254,5.645413246514277,1300,285,17.41
port5,0.9,100,27,0.00016631602046022082,0.0023359448006547478,0.021079492417610677,2.4147439909407464,1294,291,13.91
port5,0.9,100,26,0.0001729048378223066,0.0020430720258984474,0.020472530115909826,3.1710397909989134,1299,286,14.651
port5,0.9,100,25,0.0001812074717982424,0.0021938160936157843,0.02109736900815994,4.397428303682111,1336,249,15.869
port5,0.9,100,29,0.00016991159101116882,0.002078986766334857,0.020488757558032606,2.8146528723195106,1324,261,16.305
port5,0.9,100,28,0.00018172173777276845,0.0022916164231832053,0.021366728551420754,4.418563462412367,1323,262,16.561
port5,0.9,100,30,0.00018119003090127925,0.002253800349041422,0.021254282334663272,4.378738813581966,1316,269,16.386
port5,0.9,150,1,0.00017215647525836594,0.0020962023689164435,0.020596027452723615,3.140254318976804,1984,401,26.166
port5,0.9,150,2,0.00017088812040454658,0.0024205448787391485,0.021420203554340968,2.885633517909611,2002,383,25.374
port5,0.9,150,5,0.00017410681658388348,0.0020071765716267965,0.020407636744517507,3.2756428385051337,2008,377,24.951
port5,0.9,150,6,0.0001704735867496479,0.0020340814000052434,0.020381956256295044,2.8230121928701433,1992,393,26.052
port5,0.9,150,3,0.00016714790942280397,0.0023202332129434624,0.021059999755121614,2.5334333008706724,1996,389,30.769
port5,0.9,150,4,0.00017668852396981107,0.0023116026571752017,0.02128768004914609,3.7599955561601814,1943,442,29.532
port5,0.9,150,8,0.0001767070230642383,0.0023505486174180404,0.021389558325034367,3.7188847038460433,1976,409,30.519
port5,0.9,150,9,0.00017069814112238876,0.0022409141881478533,0.020944093835658303,3.0251450291215196,1983,402,31.762
port5,0.9,150,7,0.00018585044099427475,0.0020516497443570795,0.02084374181139223,4.935709852419594,1983,402,32.927
port5,0.9,150,12,0.00019434554673102247,0.00169121,0.020096062265777963,5.235923852608866,1962,423,30.259
port5,0.9,150,11,0.0001665491787543945,0.0024321884189038743,0.021337708422331212,2.3250814097304024,1977,408,32.752
port5,0.9,150,10,0.00017564888599680065,0.002206216933098066,0.020983342052066156,3.672276234006809,1987,398,33.798
port5,0.9,150,13,0.00018195730685101932,0.0021365062621736047,0.020965790471050155,4.481270786543869,1995,390,31.416
port5,0.9,150,15,0.00017952656259533553,0.002060990925010809,0.020699588162742016,4.094995507003739,1988,397,27.01
port5,0.9,150,14,0.00019240270160720492,0.0020971818888422524,0.021137667549541092,5.840210461289117,2011,374,30.672
port5,0.9,150,17,0.00017355019554623626,0.0020109489114531714,0.020402752719821175,3.2058008479670073,1950,435,25.874
port5,0.9,150,16,0.000178527105975941,0.00220415,0.021053954655596997,4.048111572111461,1995,390,27.586
port5,0.9,150,18,0.0001704464533657351,0.002030130694658787,0.020370444898638315,2.812453534345835,1993,392,27.661
port5,0.9,150,19,0.0001685877852073832,0.0020729409231005935,0.020436402094667648,2.6258053758208564,1990,395,23.559
port5,0.9,150,21,0.00017949821809904462,0.0023344656447638274,0.021420259946950206,4.090832630385432,1968,417,25.411
port5,0.9,150,20,0.000169169351198663,0.002116531653874621,0.02057027295735618,2.7591936835803987,2024,361,25.794
port5,0.9,150,22,0.00017219331892959325,0.002395960101278744,0.021390271128546773,3.0881768242442673,2003,382,25.035
port5,0.9,150,23,0.0001806054267108301,0.002276785482914793,0.021299034276550596,4.288797366716789,1986,399,24.377
port5,0.9,150,24,0.00017530902457678485,0.0020594744061223254,0.020581989569875496,3.5221870575946226,1963,422,23.934
port5,0.9,150,25,0.00017774204312054966,0.002204854588598307,0.021035089783512276,3.945702650275709,2012,373,23.085
port5,0.9,150,26,0.00017463192522616073,0.0023621366121512662,0.02136574585746715,3.4424911159687723,1999,386,24.648
port5,0.9,150,27,0.00017688617736416734,0.00208285581790921,0.020687402477919538,3.7635431911396537,1980,405,24.574
port5,0.9,150,29,0.00017774461231130962,0.0020305761191700376,0.020569724900345743,3.812839227740586,1981,404,24.036
port5,0.9,150,28,0.00017073908672610725,0.0022636792563156976,0.021005475803484008,3.025862079660739,1976,409,24.87
port5,0.9,150,30,0.0001717049863644225,0.0024421561447598773,0.02149730217803595,2.948352688220283,2028,357,24.019
