dataset,lambda,pop_size,baseline_pop_size,n_pairs,mean_pe_percent,median_pe_percent,baseline_mean_pe_percent,baseline_median_pe_percent,mean_elapsed_seconds,baseline_mean_elapsed_seconds,mean_n_evaluations,baseline_mean_n_evaluations,median_fitness_difference,p_value_two_sided,p_value_holm,significant_0_05_holm
port1,0.5,75,50,10,10.830843681671961,10.661565029574518,11.184488929266632,10.929876951246253,8.916099999999998,5.6263000000000005,946.2,605.0,4.562984226134676e-07,0.6328125,1.0,False
port1,0.5,100,50,10,10.730061415921899,10.757554461199685,11.184488929266632,10.929876951246253,12.109499999999999,5.6263000000000005,1261.8,605.0,-5.768064605100962e-07,0.5390625,1.0,False
port1,0.5,150,50,10,10.943570466812925,10.767103917918144,11.184488929266632,10.929876951246253,16.836199999999998,5.6263000000000005,1941.0,605.0,-4.879580907590428e-07,0.546875,1.0,False
port2,0.5,75,50,10,9.335228418515584,7.879338084810061,7.989297684622935,7.577124643783337,7.953399999999999,5.4042,968.7,638.4,3.8919266683974055e-06,0.76953125,0.76953125,False
port2,0.5,100,50,10,7.353460179364186,7.590677514564781,7.989297684622935,7.577124643783337,11.0124,5.4042,1308.7,638.4,-6.525296677510313e-06,0.232421875,0.697265625,False
port2,0.5,150,50,10,7.371598521576367,7.036862017138708,7.989297684622935,7.577124643783337,15.2482,5.4042,1975.1,638.4,-5.485174917689009e-06,0.322265625,0.697265625,False
port3,0.5,75,50,10,6.640473709200359,6.610800388896486,7.195528653302046,6.902044023258958,9.6578,6.7437,978.2,632.8,-5.83770951700425e-06,0.16015625,0.3203125,False
port3,0.5,100,50,10,6.857651740864066,6.749557263682921,7.195528653302046,6.902044023258958,12.816400000000002,6.7437,1319.2,632.8,-1.4346468759696574e-05,0.193359375,0.3203125,False
port3,0.5,150,50,10,6.991419277078241,6.893977737572518,7.195528653302046,6.902044023258958,17.392500000000002,6.7437,1989.0,632.8,-4.238308274670706e-06,0.083984375,0.251953125,False
port4,0.5,75,50,10,5.123286453578794,5.43566568174533,3.7972813916452415,3.826375620198803,9.2265,5.363300000000001,973.8,641.6,9.802517092522391e-06,0.921875,1.0,False
port4,0.5,100,50,10,3.8379647689223297,3.814028878784088,3.7972813916452415,3.826375620198803,12.2129,5.363300000000001,1318.8,641.6,-6.84285106233775e-06,0.556640625,1.0,False
port4,0.5,150,50,10,3.8686280619612896,3.8764319291970777,3.7972813916452415,3.826375620198803,15.975699999999998,5.363300000000001,1986.4,641.6,-2.636995952145821e-05,0.01953125,0.05859375,False
port5,0.1,75,50,30,8.683103608042195,8.16649117321496,10.542544661983847,10.589521150396974,7.575333333333335,5.438266666666666,980.1333333333333,641.9666666666667,-3.5193982692677e-05,0.140283040702343,0.140283040702343,False
port5,0.1,100,50,30,8.049846700417556,7.744147250113684,10.542544661983847,10.589521150396974,11.071200000000001,5.438266666666666,1314.0,641.9666666666667,-9.05636978863276e-05,0.00023163668811321259,0.00046327337622642517,True
port5,0.1,150,50,30,6.9837811688016,6.971511143921254,10.542544661983847,10.589521150396974,14.697666666666665,5.438266666666666,1986.1333333333334,641.9666666666667,-0.00012313231008761224,1.4193356037139893e-06,4.258006811141968e-06,True
port5,0.3,75,50,30,8.177111113573124,7.892785235657945,10.404697057424562,9.669850713391531,8.304766666666668,5.954133333333332,980.2333333333333,639.3,-3.243693434952901e-05,0.10943205840885639,0.10943205840885639,False
port5,0.3,100,50,30,7.1795127098230616,6.399055149847809,10.404697057424562,9.669850713391531,10.078666666666667,5.954133333333332,1316.1,639.3,-6.740416443132258e-05,0.000283263623714447,0.000566527247428894,True
port5,0.3,150,50,30,5.963055990515489,5.66849349774435,10.404697057424562,9.669850713391531,15.204966666666666,5.954133333333332,1986.3,639.3,-0.00010851115222777243,1.218356192111969e-05,3.655068576335907e-05,True
port5,0.5,75,50,30,8.242838236638413,7.358483777350705,10.419443396575595,9.856821965129274,7.630566666666667,4.957166666666666,977.6333333333333,638.5,-4.742320096033767e-05,0.026228994131088257,0.026228994131088257,True
port5,0.5,100,50,30,7.1053108466711565,6.996281718922669,10.419443396575595,9.856821965129274,10.341366666666666,4.957166666666666,1315.8333333333333,638.5,-5.741530344107728e-05,0.0003800932317972183,0.0007601864635944366,True
port5,0.5,150,50,30,5.700916371873228,5.866912075504754,10.419443396575595,9.856821965129274,14.159966666666667,4.957166666666666,1990.4,638.5,-9.191361325743452e-05,2.0489096641540527e-07,6.146728992462158e-07,True
port5,0.7,75,50,30,7.072662567771965,6.372024429393523,8.947300382244562,8.663307665826636,7.7970999999999995,5.110133333333333,979.4666666666667,642.1333333333333,-2.4440354363204717e-05,0.00577649287879467,0.00577649287879467,True
port5,0.7,100,50,30,6.3944600410053285,6.480836770167919,8.947300382244562,8.663307665826636,10.291599999999999,5.110133333333333,1312.1666666666667,642.1333333333333,-3.995643875193079e-05,1.0609626770019531e-05,2.1219253540039062e-05,True
port5,0.7,150,50,30,5.876638879265725,5.598950497700026,8.947300382244562,8.663307665826636,17.672633333333334,5.110133333333333,1987.8,642.1333333333333,-4.823286853162682e-05,2.551823854446411e-07,7.655471563339233e-07,True
port5,0.9,75,50,30,4.5409496077994,4.296880399554585,6.0204572698704855,5.199465973942705,12.4849,6.584733333333334,979.2,640.7333333333333,-1.0195595984765276e-05,0.03272089920938015,0.03272089920938015,True
port5,0.9,100,50,30,3.908796333822251,3.735031765541464,6.0204572698704855,5.199465973942705,16.74526666666667,6.584733333333334,1314.3666666666666,640.7333333333333,-1.6134240302648038e-05,0.00018860027194023132,0.00037720054388046265,True
port5,0.9,150,50,30,3.5709206469211643,3.4823390867816975,6.0204572698704855,5.199465973942705,27.280733333333334,6.584733333333334,1987.8333333333333,640.7333333333333,-1.4324895590491071e-05,1.6838312149047852e-06,5.0514936447143555e-06,True
