dataset,lambda,pm,baseline_pm,n_pairs,mean_pe_percent,median_pe_percent,baseline_mean_pe_percent,baseline_median_pe_percent,mean_elapsed_seconds,baseline_mean_elapsed_seconds,mean_n_evaluations,baseline_mean_n_evaluations,median_fitness_difference,p_value_two_sided,p_value_holm,significant_0_05_holm
port1,0.5,0.1,0.15,10,10.686644159758918,10.661565029574518,10.730061415921899,10.757554461199685,10.8552,11.6482,1242.7,1261.8,6.733090331778168e-07,1.0,1.0,False
port1,0.5,0.2,0.15,10,10.632287983156784,10.680135788151002,10.730061415921899,10.757554461199685,12.2302,11.6482,1306.7,1261.8,4.704917304263704e-07,0.8203125,1.0,False
port1,0.5,0.25,0.15,10,10.685264417019226,10.678943846124856,10.730061415921899,10.757554461199685,11.426300000000001,11.6482,1321.7,1261.8,1.8473223000348843e-07,0.734375,1.0,False
port1,0.5,0.3,0.15,10,10.642627627599305,10.680135788151002,10.730061415921899,10.757554461199685,11.241200000000001,11.6482,1337.5,1261.8,8.826654408254989e-07,0.09765625,0.48828125,False
port1,0.5,0.35,0.15,10,10.602305276472574,10.661565029574518,10.730061415921899,10.757554461199685,12.0505,11.6482,1360.9,1261.8,1.0439909383409829e-06,0.09765625,0.48828125,False
port1,0.5,0.4,0.15,10,10.938655460395587,10.930600357595406,10.730061415921899,10.757554461199685,13.6749,11.6482,1384.2,1261.8,2.401927652084454e-06,0.02734375,0.1640625,False
port2,0.5,0.1,0.15,10,7.470255411948253,7.770028653861365,7.353460179364186,7.590677514564781,9.919,10.088799999999999,1293.5,1308.7,-2.207619842522525e-06,0.4921875,0.984375,False
port2,0.5,0.2,0.15,10,7.938630486664418,7.871063358015609,7.353460179364186,7.590677514564781,10.975200000000001,10.088799999999999,1328.1,1308.7,3.704671232717619e-06,0.625,0.984375,False
port2,0.5,0.25,0.15,10,7.937306912712008,7.593699981412674,7.353460179364186,7.590677514564781,11.654200000000001,10.088799999999999,1348.0,1308.7,6.097712537666286e-06,0.16015625,0.654296875,False
port2,0.5,0.3,0.15,10,8.08082246271529,7.240485465855011,7.353460179364186,7.590677514564781,11.2802,10.088799999999999,1366.5,1308.7,4.976504934137973e-06,0.130859375,0.654296875,False
port2,0.5,0.35,0.15,10,9.192270300543411,7.911790805465066,7.353460179364186,7.590677514564781,10.7995,10.088799999999999,1375.9,1308.7,4.1540549165939786e-06,0.232421875,0.697265625,False
port2,0.5,0.4,0.15,10,8.60303179885197,8.118600059037462,7.353460179364186,7.590677514564781,10.9843,10.088799999999999,1396.7,1308.7,8.067264640969352e-06,0.009765625,0.05859375,False
port3,0.5,0.1,0.15,10,6.656558892543423,6.670746142128377,6.857651740864066,6.749557263682921,10.4085,10.8027,1299.3,1319.2,-1.333845632706717e-06,0.232421875,0.9296875,False
port3,0.5,0.2,0.15,10,6.89498109489976,6.775642167446903,6.857651740864066,6.749557263682921,10.7999,10.8027,1336.5,1319.2,8.262843012086553e-07,0.6953125,1.0,False
port3,0.5,0.25,0.15,10,6.879222039681413,6.792707688171303,6.857651740864066,6.749557263682921,10.7043,10.8027,1343.0,1319.2,5.474251342097846e-07,0.625,1.0,False
port3,0.5,0.3,0.15,10,6.8904918147318694,6.791558048055363,6.857651740864066,6.749557263682921,11.543,10.8027,1357.4,1319.2,6.179044954276233e-07,0.76953125,1.0,False
port3,0.5,0.35,0.15,10,7.020789338485322,6.896949910372989,6.857651740864066,6.749557263682921,11.429600000000002,10.8027,1378.6,1319.2,7.47911430636918e-06,0.083984375,0.50390625,False
port3,0.5,0.4,0.15,10,7.23782630750794,6.956054123147389,6.857651740864066,6.749557263682921,11.0641,10.8027,1400.6,1319.2,5.210542958133816e-06,0.16015625,0.80078125,False
port4,0.5,0.1,0.15,10,3.8353795659580676,3.8601092339252396,3.837964768922329,3.814028878784088,27.57,145.324,1296.1,1318.8,-2.8664560862289197e-06,0.556640625,1.0,False
port4,0.5,0.2,0.15,10,4.345439927894766,4.022557144942132,3.837964768922329,3.814028878784088,62.122899999999994,145.324,1327.8,1318.8,-4.954084321142022e-06,0.4921875,1.0,False
port4,0.5,0.25,0.15,10,4.6794653837455975,4.280365826754285,3.837964768922329,3.814028878784088,11.786900000000001,145.324,1351.9,1318.8,9.53680155231138e-06,0.4921875,1.0,False
port4,0.5,0.3,0.15,10,4.27700870073653,4.208471899762303,3.837964768922329,3.814028878784088,11.548699999999998,145.324,1364.4,1318.8,6.852394795525164e-06,0.76953125,1.0,False
port4,0.5,0.35,0.15,10,3.62843853664756,3.9350631190870784,3.837964768922329,3.814028878784088,12.223899999999999,145.324,1377.1,1318.8,6.11538958814376e-06,0.845703125,1.0,False
port4,0.5,0.4,0.15,10,3.940747306604917,3.895981737772071,3.837964768922329,3.814028878784088,13.143200000000002,145.324,1393.3,1318.8,-1.4387924001009206e-06,0.6953125,1.0,False
port5,0.1,0.1,0.15,30,7.564500517747672,7.291480032570617,8.049846700417557,7.744147250113684,8.627366666666667,8.887900000000002,1303.4,1314.0,-1.9663936377893468e-05,0.4771064817905426,1.0,False
port5,0.1,0.2,0.15,30,8.162296379998297,7.60726376149834,8.049846700417557,7.744147250113684,9.116033333333332,8.887900000000002,1332.5333333333333,1314.0,-1.5624804319948424e-06,0.8235769439488649,1.0,False
port5,0.1,0.25,0.15,30,8.40024690731846,8.214577165223789,8.049846700417557,7.744147250113684,9.564933333333332,8.887900000000002,1345.0,1314.0,5.049328035010422e-06,0.308520769700408,1.0,False
port5,0.1,0.3,0.15,30,9.317461296383103,8.717500564500252,8.049846700417557,7.744147250113684,3131.9276666666674,8.887900000000002,1363.1333333333334,1314.0,3.627372886758442e-05,0.024786051362752914,0.1487163081765175,False
port5,0.1,0.35,0.15,30,8.89851839758997,8.573126410882434,8.049846700417557,7.744147250113684,1447.3434000000002,8.887900000000002,1381.4666666666667,1314.0,1.3580030428145696e-05,0.3817984350025654,1.0,False
port5,0.1,0.4,0.15,30,8.419974802225616,8.585623968096302,8.049846700417557,7.744147250113684,27435.74316666667,8.887900000000002,1394.1333333333334,1314.0,8.280051933114542e-06,0.31839608028531075,1.0,False
port5,0.3,0.1,0.15,30,6.864466292817173,7.072394445703274,7.1795127098230616,6.399055149847809,11.147766666666667,7.941999999999998,1300.2666666666667,1316.1,-5.635162420905863e-06,0.761065473780036,1.0,False
port5,0.3,0.2,0.15,30,7.283188626152029,7.357966518569802,7.1795127098230616,6.399055149847809,5.580933333333333,7.941999999999998,1331.4,1316.1,1.8827911040194363e-05,0.5561132747679949,1.0,False
port5,0.3,0.25,0.15,30,7.108744483797533,7.042404994132524,7.1795127098230616,6.399055149847809,5.686966666666666,7.941999999999998,1351.2666666666667,1316.1,4.242471971638425e-06,0.7456546742469072,1.0,False
port5,0.3,0.3,0.15,30,8.734550163340963,8.110617567800091,7.1795127098230616,6.399055149847809,5.914366666666666,7.941999999999998,1366.4,1316.1,3.129329438074087e-05,0.06056523136794567,0.30282615683972836,False
port5,0.3,0.35,0.15,30,7.658519360850888,7.22701316185425,7.1795127098230616,6.399055149847809,6.3790666666666676,7.941999999999998,1380.1666666666667,1316.1,2.7251317829982222e-05,0.10943205840885639,0.43772823363542557,False
port5,0.3,0.4,0.15,30,8.780683296461774,8.52412812779044,7.1795127098230616,6.399055149847809,6.442699999999999,7.941999999999998,1396.7,1316.1,3.477260503619169e-05,0.010598260909318924,0.06358956545591354,False
port5,0.5,0.1,0.15,30,6.669761477945845,6.934551556137132,7.1053108466711565,6.996281718922669,5.9078333333333335,6.310999999999999,1306.6666666666667,1315.8333333333333,1.127260394513641e-06,0.3817984350025654,1.0,False
port5,0.5,0.2,0.15,30,7.0303556679850505,7.1013908949960065,7.1053108466711565,6.996281718922669,5.819266666666666,6.310999999999999,1329.5666666666666,1315.8333333333333,-6.812951555665997e-06,0.6701805889606476,1.0,False
port5,0.5,0.25,0.15,30,7.839505417566174,6.947200109711469,7.1053108466711565,6.996281718922669,6.533200000000002,6.310999999999999,1346.1333333333334,1315.8333333333333,2.877234339403547e-06,0.4161298982799053,1.0,False
port5,0.5,0.3,0.15,30,8.742370197361984,7.674413176538061,7.1053108466711565,6.996281718922669,6.903533333333334,6.310999999999999,1364.9333333333334,1315.8333333333333,1.806825416304455e-05,0.10943205840885639,0.43772823363542557,False
port5,0.5,0.35,0.15,30,8.508819572505775,8.595532177619631,7.1053108466711565,6.996281718922669,6.680000000000001,6.310999999999999,1377.5,1315.8333333333333,2.2866352330833746e-05,0.047259049490094185,0.2835542969405651,False
port5,0.5,0.4,0.15,30,8.338584481950763,7.54923572816066,7.1053108466711565,6.996281718922669,6.5477,6.310999999999999,1386.7,1315.8333333333333,2.9637245056642622e-05,0.0803273618221283,0.4016368091106415,False
port5,0.7,0.1,0.15,30,6.844281745656295,6.542623242740172,6.3944600410053285,6.480836770167919,6.183133333333332,6.433966666666667,1300.4666666666667,1312.1666666666667,8.458869273078953e-06,0.308520769700408,0.5976882949471474,False
port5,0.7,0.2,0.15,30,6.94861842141116,6.389092733446661,6.3944600410053285,6.480836770167919,5.838400000000001,6.433966666666667,1332.5333333333333,1312.1666666666667,7.531946160678634e-06,0.1641840822994709,0.4925522468984127,False
port5,0.7,0.25,0.15,30,7.156278296688214,6.935347270864536,6.3944600410053285,6.480836770167919,6.920166666666668,6.433966666666667,1344.1,1312.1666666666667,1.43803383474999e-05,0.2988441474735737,0.5976882949471474,False
port5,0.7,0.3,0.15,30,7.47479335889443,6.897163806940053,6.3944600410053285,6.480836770167919,6.652900000000001,6.433966666666667,1359.7333333333333,1312.1666666666667,1.1477630677222766e-05,0.01283373311161995,0.0770023986697197,False
port5,0.7,0.35,0.15,30,7.755799421921839,7.633928276165756,6.3944600410053285,6.480836770167919,6.9488666666666665,6.433966666666667,1377.0666666666666,1312.1666666666667,1.4104472633276292e-05,0.013663241639733315,0.0770023986697197,False
port5,0.7,0.4,0.15,30,7.130253134075429,6.816313651278303,6.3944600410053285,6.480836770167919,6.9765,6.433966666666667,1394.5666666666666,1312.1666666666667,2.393331225935679e-06,0.09610157273709774,0.38440629094839096,False
port5,0.9,0.1,0.15,30,3.904195877069557,3.6735134511796863,3.908796333822251,3.735031765541464,8.002733333333332,7.616233333333332,1298.8666666666666,1314.3666666666666,-1.3404150981971455e-06,0.685047073289752,0.685047073289752,False
port5,0.9,0.2,0.15,30,4.493658293972625,4.439575835790095,3.908796333822251,3.735031765541464,7.366333333333333,7.616233333333332,1333.8,1314.3666666666666,5.904484430975683e-06,0.002560090273618698,0.01280045136809349,True
port5,0.9,0.25,0.15,30,4.39238099508579,3.9682329056323176,3.908796333822251,3.735031765541464,7.346166666666667,7.616233333333332,1342.7666666666667,1314.3666666666666,1.8976784158067123e-06,0.09610157273709774,0.19220314547419548,False
port5,0.9,0.3,0.15,30,4.659985679330465,4.3214297619101885,3.908796333822251,3.735031765541464,7.457533333333332,7.616233333333332,1364.2,1314.3666666666666,6.3012044475324505e-06,0.024786051362752914,0.07435815408825874,False
port5,0.9,0.35,0.15,30,4.9048547718585915,4.315547656810958,3.908796333822251,3.735031765541464,7.398533333333333,7.616233333333332,1382.4666666666667,1314.3666666666666,7.553079159612025e-06,0.004338232800364494,0.017352931201457977,True
port5,0.9,0.4,0.15,30,4.973503167627287,4.727655348820324,3.908796333822251,3.735031765541464,7.613166666666666,7.616233333333332,1399.0,1314.3666666666666,6.816833529366294e-06,3.049522638320923e-05,0.00018297135829925537,True
