dataset,lambda,pm,baseline_pm,n_pairs,mean_pe_percent,median_pe_percent,baseline_mean_pe_percent,baseline_median_pe_percent,mean_elapsed_seconds,baseline_mean_elapsed_seconds,median_fitness_difference,p_value_two_sided,p_value_holm,significant_0_05_holm
port1,0.5,0.0,0.1,10,10.740222453221762,10.661565029574518,10.686644159758918,10.661565029574518,7.7911,7.5991,-1.9578181225006486e-07,0.203125,0.8125,False
port1,0.5,0.02,0.1,10,10.71745520009405,10.688825196426171,10.686644159758918,10.661565029574518,8.462299999999999,7.5991,4.5304659063833373e-07,1.0,1.0,False
port1,0.5,0.04,0.1,10,10.74751063944637,10.670254437849687,10.686644159758918,10.661565029574518,7.9091000000000005,7.5991,-8.884836975105344e-08,0.15625,0.78125,False
port1,0.5,0.06,0.1,10,10.77518844215736,10.757554461199685,10.686644159758918,10.661565029574518,8.6455,7.5991,-5.975246528179025e-07,0.359375,1.0,False
port1,0.5,0.08,0.1,10,10.521930324627885,10.661565029574518,10.686644159758918,10.661565029574518,10.060299999999998,7.5991,0.0,0.84375,1.0,False
port2,0.5,0.0,0.1,10,7.633998742880062,7.712755802289571,7.470255411948253,7.770028653861365,7.5378,7.518599999999999,-3.5428637354451877e-06,0.275390625,1.0,False
port2,0.5,0.02,0.1,10,7.383760406553137,7.496781403586214,7.470255411948253,7.770028653861365,8.7691,7.518599999999999,-3.6349220700992828e-06,0.232421875,1.0,False
port2,0.5,0.04,0.1,10,8.290745581388144,7.689005467220596,7.470255411948253,7.770028653861365,8.244499999999999,7.518599999999999,-4.485763382471638e-06,1.0,1.0,False
port2,0.5,0.06,0.1,10,8.00391579039427,7.9057732337365305,7.470255411948253,7.770028653861365,7.626400000000001,7.518599999999999,2.970792220766995e-06,0.4921875,1.0,False
port2,0.5,0.08,0.1,10,7.716665345130254,7.956358617829588,7.470255411948253,7.770028653861365,7.959099999999999,7.518599999999999,1.1605501703925835e-06,0.625,1.0,False
port3,0.5,0.0,0.1,10,6.827467979842794,6.570140293711413,6.656558892543423,6.670746142128377,7.3041,8.446000000000002,1.7984437821988268e-06,0.625,1.0,False
port3,0.5,0.02,0.1,10,6.616035139449535,6.622741301431961,6.656558892543423,6.670746142128377,6.9158,8.446000000000002,2.489524145140101e-07,1.0,1.0,False
port3,0.5,0.04,0.1,10,6.645678935758933,6.539709961675606,6.656558892543423,6.670746142128377,7.493499999999999,8.446000000000002,1.2158098554543393e-06,1.0,1.0,False
port3,0.5,0.06,0.1,10,6.828075118490368,6.639293147717238,6.656558892543423,6.670746142128377,7.195600000000001,8.446000000000002,3.4176632556877015e-06,0.375,1.0,False
port3,0.5,0.08,0.1,10,6.901123117404188,6.56757917161043,6.656558892543423,6.670746142128377,8.3676,8.446000000000002,-2.0919591076605515e-06,1.0,1.0,False
port4,0.5,0.0,0.1,10,4.064694905434925,3.884398127386036,3.8353795659580676,3.8601092339252396,7.149800000000001,6.785900000000001,-9.887010937942916e-07,0.431640625,1.0,False
port4,0.5,0.02,0.1,10,4.169553178366206,3.983753091864198,3.8353795659580676,3.8601092339252396,7.2401,6.785900000000001,2.7253393564505724e-06,0.76953125,1.0,False
port4,0.5,0.04,0.1,10,3.9779006277758895,3.9780384100859028,3.8353795659580676,3.8601092339252396,7.2759,6.785900000000001,-1.5321464724735254e-06,0.556640625,1.0,False
port4,0.5,0.06,0.1,10,4.120407107703282,3.901644826989076,3.8353795659580676,3.8601092339252396,7.483,6.785900000000001,-1.1401704415037444e-06,0.76953125,1.0,False
port4,0.5,0.08,0.1,10,4.01130435068075,3.8566373338080444,3.8353795659580676,3.8601092339252396,7.1598,6.785900000000001,-8.34978226551316e-07,0.556640625,1.0,False
port5,0.1,0.0,0.1,30,7.115629088565029,6.993053676030012,7.564500517747673,7.291480032570617,6.310533333333333,5.712266666666666,-2.924217725698325e-05,0.40449450351297855,0.8130168858915567,False
port5,0.1,0.02,0.1,30,5.933574834584074,6.006739083477501,7.564500517747673,7.291480032570617,5.783600000000001,5.712266666666666,-4.491602591665217e-05,0.0015832837671041489,0.007916418835520744,True
port5,0.1,0.04,0.1,30,6.870883165285247,6.834866248806833,7.564500517747673,7.291480032570617,5.257533333333333,5.712266666666666,-1.5566158432891867e-05,0.3492113798856735,0.8130168858915567,False
port5,0.1,0.06,0.1,30,6.732903713324336,6.521995496103448,7.564500517747673,7.291480032570617,5.5931333333333315,5.712266666666666,-3.139889819645165e-05,0.10039735585451126,0.40158942341804504,False
port5,0.1,0.08,0.1,30,6.829292179526675,6.359617612210755,7.564500517747673,7.291480032570617,5.525766666666666,5.712266666666666,-2.1285598110055417e-05,0.2710056286305189,0.8130168858915567,False
port5,0.3,0.0,0.1,30,6.499615527715423,6.050245616913932,6.864466292817173,7.072394445703274,5.538933333333334,6.075033333333334,1.659600690791371e-06,0.761065473780036,1.0,False
port5,0.3,0.02,0.1,30,6.172909113684721,5.871466520411797,6.864466292817173,7.072394445703274,5.665166666666667,6.075033333333334,-1.8081279365254974e-05,0.15188691951334476,0.7594345975667238,False
port5,0.3,0.04,0.1,30,7.05828289654103,6.798444119689881,6.864466292817173,7.072394445703274,5.513500000000001,6.075033333333334,7.743577072185552e-06,0.761065473780036,1.0,False
port5,0.3,0.06,0.1,30,6.444697997548052,6.391346094080682,6.864466292817173,7.072394445703274,5.539466666666667,6.075033333333334,-1.9620232981245114e-05,0.2621222734451294,1.0,False
port5,0.3,0.08,0.1,30,6.7548273695684395,6.294633299068419,6.864466292817173,7.072394445703274,5.602733333333333,6.075033333333334,1.3904229070888906e-06,0.8552717231214046,1.0,False
port5,0.5,0.0,0.1,30,5.725471872026321,5.384693010875589,6.669761477945845,6.934551556137132,5.956999999999999,6.100466666666668,-1.3919003335979212e-05,0.06056523136794567,0.30282615683972836,False
port5,0.5,0.02,0.1,30,6.373008234623918,6.089934863922899,6.669761477945845,6.934551556137132,5.966433333333331,6.100466666666668,-2.5110232978187152e-06,0.40449450351297855,1.0,False
port5,0.5,0.04,0.1,30,6.9179440341756875,7.111703390243608,6.669761477945845,6.934551556137132,6.008766666666667,6.100466666666668,9.728618679218288e-06,0.5027610473334789,1.0,False
port5,0.5,0.06,0.1,30,6.369009640945787,6.015482947743519,6.669761477945845,6.934551556137132,6.6759,6.100466666666668,-8.811349881515749e-06,0.3284698575735092,1.0,False
port5,0.5,0.08,0.1,30,6.965019016527931,6.478283925981526,6.669761477945845,6.934551556137132,6.218266666666667,6.100466666666668,6.240994221347524e-06,0.6408254038542509,1.0,False
port5,0.7,0.0,0.1,30,6.338561779894377,6.053492941015202,6.844281745656295,6.542623242740172,6.834133333333333,6.745066666666668,-1.2250575302136604e-05,0.2988441474735737,1.0,False
port5,0.7,0.02,0.1,30,6.669342739056705,6.201290351337806,6.844281745656295,6.542623242740172,6.384166666666668,6.745066666666668,-1.369215768925818e-06,0.7151329666376114,1.0,False
port5,0.7,0.04,0.1,30,6.909448758302669,5.490765133926242,6.844281745656295,6.542623242740172,6.736266666666667,6.745066666666668,-4.880255923185985e-06,0.7921590935438871,1.0,False
port5,0.7,0.06,0.1,30,6.445928015003014,5.858987732461159,6.844281745656295,6.542623242740172,6.629833333333334,6.745066666666668,-8.375063781342973e-06,0.28008678182959557,1.0,False
port5,0.7,0.08,0.1,30,6.5836490697743475,5.835706342026139,6.844281745656295,6.542623242740172,6.937633333333332,6.745066666666668,-8.661470457654852e-06,0.10483990423381329,0.5241995211690664,False
port5,0.9,0.0,0.1,30,3.4368993780118102,3.3108933190401904,3.9041958770695566,3.6735134511796863,6.898366666666667,8.215399999999999,-4.072419212939032e-06,0.08406547829508781,0.42032739147543907,False
port5,0.9,0.02,0.1,30,3.7771124336223263,3.2705019464919385,3.9041958770695566,3.6735134511796863,6.902933333333334,8.215399999999999,-2.5418161084824034e-06,0.761065473780036,1.0,False
port5,0.9,0.04,0.1,30,3.7816692641559144,3.66523719548501,3.9041958770695566,3.6735134511796863,8.002466666666667,8.215399999999999,-9.634646259676886e-07,0.8393927440047264,1.0,False
port5,0.9,0.06,0.1,30,3.8102754015454963,3.653047380645843,3.9041958770695566,3.6735134511796863,8.635966666666667,8.215399999999999,4.7298254834833825e-07,0.7151329666376114,1.0,False
port5,0.9,0.08,0.1,30,3.7815182132100214,3.8053612168818267,3.9041958770695566,3.6735134511796863,8.372133333333334,8.215399999999999,1.9941629610696957e-06,0.8235769439488649,1.0,False
