dataset,lambda,n_generations,baseline_generations,n_pairs,mean_pe_percent,median_pe_percent,baseline_mean_pe_percent,baseline_median_pe_percent,mean_elapsed_seconds,baseline_mean_elapsed_seconds,mean_n_evaluations,baseline_mean_n_evaluations,median_fitness_difference,p_value_two_sided,p_value_holm,significant_0_05_holm
port1,0.1,10,100,30,16.13546519846905,16.056708867088368,15.88839521226009,15.88839521226009,3.3130666666666664,11.430133333333334,438.46666666666664,1128.3666666666666,1.5821262210963943e-05,2.5613577487758663e-06,1.0245430995103465e-05,True
port1,0.1,15,100,30,16.020951497255126,15.918281151567378,15.88839521226009,15.88839521226009,4.938666666666665,11.430133333333334,608.9,1128.3666666666666,2.0298402845877507e-06,8.720229793087963e-05,0.0002616068937926389,True
port1,0.1,25,100,30,15.893972402055644,15.88839521226009,15.88839521226009,15.88839521226009,7.051733333333334,11.430133333333334,853.4666666666667,1128.3666666666666,0.0,0.039359508888249725,0.07871901777649945,False
port1,0.1,50,100,30,15.892334307745136,15.88839521226009,15.88839521226009,15.88839521226009,10.656333333333333,11.430133333333334,1048.2,1128.3666666666666,0.0,0.31731050786291415,0.31731050786291415,False
port1,0.3,10,100,30,14.034701823637416,14.023589084753311,13.814297875229594,13.815086591896806,4.139566666666667,10.521366666666667,439.1,1075.2666666666667,1.0839284744240674e-05,2.557909636120417e-06,1.0231638544481668e-05,True
port1,0.3,15,100,30,13.833698852741662,13.815086591896806,13.814297875229594,13.815086591896806,7.225966666666666,10.521366666666667,608.4666666666667,1075.2666666666667,2.1953004229555845e-06,1.773660723934854e-05,5.320982171804562e-05,True
port1,0.3,25,100,30,13.814831266561633,13.815086591896806,13.814297875229594,13.815086591896806,7.3988,10.521366666666667,834.4666666666667,1075.2666666666667,0.0,0.005000169055962822,0.010000338111925643,True
port1,0.3,50,100,30,13.812720441895157,13.815086591896806,13.814297875229594,13.815086591896806,9.545200000000001,10.521366666666667,988.4,1075.2666666666667,0.0,0.15729920705028502,0.15729920705028502,False
port1,0.5,10,100,30,10.849961337087365,10.732734231016806,10.661565029574513,10.661565029574518,3.884299999999999,12.77266666666667,434.1333333333333,1132.0666666666666,8.85730491734021e-06,1.733306644199106e-06,6.933226576796424e-06,True
port1,0.5,15,100,30,10.977401280631979,10.872902326707461,10.661565029574513,10.661565029574518,5.932966666666666,12.77266666666667,600.9,1132.0666666666666,1.0472981909364666e-06,1.77015518888593e-05,5.31046556665779e-05,True
port1,0.5,25,100,30,10.744602549664943,10.661565029574518,10.661565029574513,10.661565029574518,8.608166666666667,12.77266666666667,834.4333333333333,1132.0666666666666,0.0,0.0017254709208778143,0.0034509418417556286,True
port1,0.5,50,100,30,10.679452491019296,10.661565029574518,10.661565029574513,10.661565029574518,12.227100000000002,12.77266666666667,1045.1,1132.0666666666666,0.0,0.15729920705028502,0.15729920705028502,False
port1,0.7,10,100,30,6.605396340608399,6.30325286567477,6.023604985646315,6.021315232018158,5.1954666666666665,13.367400000000002,439.6,1133.9,5.098447753930108e-06,1.7322162331441136e-06,6.928864932576454e-06,True
port1,0.7,15,100,30,6.32293118297793,6.0900078408628175,6.023604985646315,6.021315232018158,7.470833333333334,13.367400000000002,609.9666666666667,1133.9,7.204480931962895e-07,2.6584617137083815e-05,7.975385141125144e-05,True
port1,0.7,25,100,30,6.034534705009536,6.021315232018158,6.023604985646315,6.021315232018158,10.253666666666668,13.367400000000002,857.3666666666667,1133.9,0.0,0.039359508888249725,0.07871901777649945,False
port1,0.7,50,100,30,6.023604985646315,6.021315232018158,6.023604985646315,6.021315232018158,12.990166666666664,13.367400000000002,1056.4666666666667,1133.9,0.0,1.0,1.0,False
port1,0.9,10,100,30,2.8898308851274463,2.7734854182758735,2.436941879262567,2.436941879262567,5.5761,14.190299999999999,438.5,1089.3333333333333,3.9566829860136115e-06,1.733306644199106e-06,6.933226576796424e-06,True
port1,0.9,15,100,30,2.5908401627568884,2.6163034308804414,2.436941879262567,2.436941879262567,7.115266666666667,14.190299999999999,605.1333333333333,1089.3333333333333,1.8017720886453017e-06,5.528155236855421e-06,1.6584465710566264e-05,True
port1,0.9,25,100,30,2.4395857242456973,2.436941879262567,2.436941879262567,2.436941879262567,9.245099999999999,14.190299999999999,838.5,1089.3333333333333,0.0,0.025347318677468252,0.050694637354936505,False
port1,0.9,50,100,30,2.437470648259193,2.436941879262567,2.436941879262567,2.436941879262567,12.139233333333332,14.190299999999999,1012.1333333333333,1089.3333333333333,0.0,0.31731050786291415,0.31731050786291415,False
port2,0.1,10,100,30,12.03749727778294,12.328610800973816,12.617932667205999,12.636331547732969,3.369,16.227666666666668,447.7,1929.6,0.00010706779100797545,1.862645149230957e-09,7.450580596923828e-09,True
port2,0.1,15,100,30,11.461989598554531,12.551768532470398,12.617932667205999,12.636331547732969,4.947966666666668,16.227666666666668,639.9666666666667,1929.6,4.0562857283777884e-05,1.862645149230957e-09,7.450580596923828e-09,True
port2,0.1,25,100,30,11.845695464273637,12.635106189239355,12.617932667205999,12.636331547732969,7.518800000000001,16.227666666666668,994.8333333333334,1929.6,1.2034193716076343e-05,5.601761882966655e-06,1.120352376593331e-05,True
port2,0.1,50,100,30,12.616542260662985,12.636331547732969,12.617932667205999,12.636331547732969,12.9755,16.227666666666668,1581.3333333333333,1929.6,0.0,0.0032526419863057334,0.0032526419863057334,True
port2,0.3,10,100,30,11.69743638725965,11.813966808251212,11.265817968988335,11.278278144793251,3.614599999999999,16.98233333333333,447.43333333333334,1917.9333333333334,9.01058840034677e-05,1.862645149230957e-09,7.450580596923828e-09,True
port2,0.3,15,100,30,11.033415923463016,11.385003066433207,11.265817968988335,11.278278144793251,5.340066666666667,16.98233333333333,644.0333333333333,1917.9333333333334,3.843721407943484e-05,1.862645149230957e-09,7.450580596923828e-09,True
port2,0.3,25,100,30,10.992087827678546,11.185949512532352,11.265817968988335,11.278278144793251,8.309800000000001,16.98233333333333,1004.9666666666667,1917.9333333333334,8.055584546776302e-06,3.784147210345527e-06,7.568294420691054e-06,True
port2,0.3,50,100,30,11.197501759869517,11.278278144793251,11.265817968988335,11.278278144793251,12.222233333333332,16.98233333333333,1543.6,1917.9333333333334,0.0,0.0032526419863057334,0.0032526419863057334,True
port2,0.5,10,100,30,10.326168144543832,10.335391399110918,7.587315543480708,7.623886519695987,3.8669,18.785933333333332,444.8,1908.5333333333333,5.162147470104167e-05,1.862645149230957e-09,7.450580596923828e-09,True
port2,0.5,15,100,30,8.634720515987848,7.8750933167862875,7.587315543480708,7.623886519695987,6.191,18.785933333333332,634.2666666666667,1908.5333333333333,1.402873384011012e-05,1.862645149230957e-09,7.450580596923828e-09,True
port2,0.5,25,100,30,7.7188320114806395,7.623886519695987,7.587315543480708,7.623886519695987,10.170366666666666,18.785933333333332,984.7333333333333,1908.5333333333333,4.230235031768819e-06,8.29809930635731e-06,1.659619861271462e-05,True
port2,0.5,50,100,30,7.578151591120733,7.623886519695987,7.587315543480708,7.623886519695987,14.9719,18.785933333333332,1545.2666666666667,1908.5333333333333,0.0,0.007420961287866498,0.007420961287866498,True
port2,0.7,10,100,30,9.285818138492658,9.105290191262036,6.392310762007499,6.391033659224968,4.476,21.394200000000005,444.2,1995.9333333333334,4.871829215018751e-05,1.862645149230957e-09,7.450580596923828e-09,True
port2,0.7,15,100,30,7.58688372513223,6.788856529748379,6.392310762007499,6.391033659224968,6.184033333333335,21.394200000000005,638.8333333333334,1995.9333333333334,1.7582278329419335e-05,1.862645149230957e-09,7.450580596923828e-09,True
port2,0.7,25,100,30,6.570319114996748,6.538759424713334,6.392310762007499,6.391033659224968,9.694866666666666,21.394200000000005,1003.8333333333334,1995.9333333333334,3.3654704875992576e-06,1.7322162331441136e-06,3.464432466288227e-06,True
port2,0.7,50,100,30,6.402193986530664,6.391033659224968,6.392310762007499,6.391033659224968,15.957533333333334,21.394200000000005,1592.5,1995.9333333333334,1.6317038531996671e-07,0.0006067668456360627,0.0006067668456360627,True
port2,0.9,10,100,30,6.367344373573743,5.980566961898834,2.5075421167287386,2.5010950439613198,5.056966666666667,22.478700000000007,443.6666666666667,1962.4333333333334,1.9658931369785366e-05,1.862645149230957e-09,7.450580596923828e-09,True
port2,0.9,15,100,30,4.444800687216126,4.34295131152952,2.5075421167287386,2.5010950439613198,7.154366666666667,22.478700000000007,633.4,1962.4333333333334,8.207639862894479e-06,1.862645149230957e-09,7.450580596923828e-09,True
port2,0.9,25,100,30,3.125526742690796,3.1583818806700004,2.5075421167287386,2.5010950439613198,11.803133333333333,22.478700000000007,994.3,1962.4333333333334,2.705385658135183e-06,8.29809930635731e-06,1.659619861271462e-05,True
port2,0.9,50,100,30,2.5527190637335613,2.5010950439613198,2.5075421167287386,2.5010950439613198,19.290933333333335,22.478700000000007,1581.6,1962.4333333333334,0.0,0.0013304814311770638,0.0013304814311770638,True
port3,0.1,10,100,30,10.228023761082893,9.879340977093593,7.3327696601288554,7.294462699844279,3.7068,17.784766666666666,446.23333333333335,1960.2333333333333,0.00014310368704109275,1.862645149230957e-09,7.450580596923828e-09,True
port3,0.1,15,100,30,8.242106784885939,7.870214745752314,7.3327696601288554,7.294462699844279,5.766433333333335,17.784766666666666,639.2333333333333,1960.2333333333333,4.372247347334164e-05,1.862645149230957e-09,7.450580596923828e-09,True
port3,0.1,25,100,30,7.6024499983365255,7.4457059137564325,7.3327696601288554,7.294462699844279,7.933999999999999,17.784766666666666,996.3333333333334,1960.2333333333333,8.077290278589357e-06,5.593060894373483e-06,1.1186121788746966e-05,True
port3,0.1,50,100,30,7.388172904302033,7.294462699844279,7.3327696601288554,7.294462699844279,13.911066666666667,17.784766666666666,1582.9666666666667,1960.2333333333333,0.0,0.007420961287866498,0.007420961287866498,True
port3,0.3,10,100,30,9.342402128155527,8.697561845441545,7.239116035655541,7.225499701084873,3.583833333333333,17.187133333333335,446.2,1932.8666666666666,0.00010144057386988646,1.862645149230957e-09,7.450580596923828e-09,True
port3,0.3,15,100,30,7.902472335603391,7.514585413291485,7.239116035655541,7.225499701084873,5.439766666666666,17.187133333333335,640.7,1932.8666666666666,2.800131757233707e-05,1.862645149230957e-09,7.450580596923828e-09,True
port3,0.3,25,100,30,7.307059763852655,7.440295129918319,7.239116035655541,7.225499701084873,8.100633333333333,17.187133333333335,996.6333333333333,1932.8666666666666,5.837458086420649e-06,3.7786814922417294e-06,7.557362984483459e-06,True
port3,0.3,50,100,30,7.233551540314651,7.225499701084873,7.239116035655541,7.225499701084873,12.757033333333334,17.187133333333335,1546.5,1932.8666666666666,0.0,0.004920313984442514,0.004920313984442514,True
port3,0.5,10,100,30,9.192561680335222,8.758714542584073,6.313498571999329,6.318456088673591,78.93763333333332,21.2133,443.73333333333335,1954.2333333333333,8.835471251255776e-05,1.862645149230957e-09,7.450580596923828e-09,True
port3,0.5,15,100,30,7.255470480447345,6.817775164684955,6.313498571999329,6.318456088673591,233.16753333333332,21.2133,637.1333333333333,1954.2333333333333,2.2378972968901175e-05,1.862645149230957e-09,7.450580596923828e-09,True
port3,0.5,25,100,30,6.424470743148933,6.350916341867084,6.313498571999329,6.318456088673591,10.6336,21.2133,996.8,1954.2333333333333,3.6142076045029073e-06,3.784147210345527e-06,7.568294420691054e-06,True
port3,0.5,50,100,30,6.305975230940886,6.318456088673591,6.313498571999329,6.318456088673591,15.057466666666668,21.2133,1583.0666666666666,1954.2333333333333,0.0,0.003146136452135306,0.003146136452135306,True
port3,0.7,10,100,30,7.333881534245411,7.353846342117109,5.175175169438208,5.167015704474589,4.833200000000001,19.768866666666668,445.8666666666667,1816.4666666666667,4.347833708658814e-05,1.862645149230957e-09,7.450580596923828e-09,True
port3,0.7,15,100,30,6.165423055174275,5.961404593411725,5.175175169438208,5.167015704474589,6.440100000000001,19.768866666666668,635.4666666666667,1816.4666666666667,1.4013892872528845e-05,1.862645149230957e-09,7.450580596923828e-09,True
port3,0.7,25,100,30,5.384853058394129,5.3344148019971644,5.175175169438208,5.167015704474589,9.724566666666668,19.768866666666668,978.2333333333333,1816.4666666666667,2.834568945398017e-06,3.78141353752277e-06,7.56282707504554e-06,True
port3,0.7,50,100,30,5.198764890077633,5.167015704474589,5.175175169438208,5.167015704474589,15.156033333333337,19.768866666666668,1476.7,1816.4666666666667,0.0,0.027281171477617997,0.027281171477617997,True
port3,0.9,10,100,30,4.539760246952793,4.475155763960403,0.5899422256977772,0.5836619608081262,4.6285,21.4291,443.73333333333335,1743.9666666666667,2.328639363731363e-05,1.862645149230957e-09,7.450580596923828e-09,True
port3,0.9,15,100,30,2.3968598172941284,2.1996987513745836,0.5899422256977772,0.5836619608081262,7.081466666666666,21.4291,635.6,1743.9666666666667,9.462584708949402e-06,1.862645149230957e-09,7.450580596923828e-09,True
port3,0.9,25,100,30,1.065035379071747,0.9531227487172476,0.5899422256977772,0.5836619608081262,11.419100000000004,21.4291,978.0,1743.9666666666667,2.3301191347987733e-06,3.7786814922417294e-06,7.557362984483459e-06,True
port3,0.9,50,100,30,0.6115403091908197,0.5836619608081262,0.5899422256977772,0.5836619608081262,16.84113333333333,21.4291,1432.1666666666667,1743.9666666666667,0.0,0.01714803250145893,0.01714803250145893,True
port4,0.1,10,100,30,6.681411627405091,6.1416148051215105,5.839378984960006,5.845860023096188,3.603166666666667,14.412766666666666,446.73333333333335,1879.0333333333333,0.00019766007798525725,1.862645149230957e-09,7.450580596923828e-09,True
port4,0.1,15,100,30,5.896238604308553,5.833752112317933,5.839378984960006,5.845860023096188,5.137,14.412766666666666,635.8333333333334,1879.0333333333333,4.251138805997029e-05,1.862645149230957e-09,7.450580596923828e-09,True
port4,0.1,25,100,30,5.790215092583201,5.877652899240458,5.839378984960006,5.845860023096188,7.556366666666666,14.412766666666666,982.4666666666667,1879.0333333333333,7.865547826830903e-06,1.7322162331441136e-06,3.464432466288227e-06,True
port4,0.1,50,100,30,5.771651599732094,5.845860023096188,5.839378984960006,5.845860023096188,11.419099999999998,14.412766666666666,1522.8333333333333,1879.0333333333333,0.0,0.003268029866075025,0.003268029866075025,True
port4,0.3,10,100,30,5.9737796925119495,6.026406106376296,4.90435748203216,4.900003236619753,3.6764999999999994,15.736033333333335,444.1333333333333,2007.9666666666667,0.0001519948466538099,1.862645149230957e-09,7.450580596923828e-09,True
port4,0.3,15,100,30,6.035839464328893,6.005016418784521,4.90435748203216,4.900003236619753,4.869,15.736033333333335,640.4,2007.9666666666667,5.427939177421416e-05,1.862645149230957e-09,7.450580596923828e-09,True
port4,0.3,25,100,30,5.166158791726724,5.009122243738792,4.90435748203216,4.900003236619753,7.7486999999999995,15.736033333333335,1003.6,2007.9666666666667,6.5725817526684355e-06,2.5510249641087863e-06,5.1020499282175726e-06,True
port4,0.3,50,100,30,4.902806495772871,4.900003236619753,4.90435748203216,4.900003236619753,12.978233333333332,15.736033333333335,1600.7666666666667,2007.9666666666667,0.0,0.0020311983018944345,0.0020311983018944345,True
port4,0.5,10,100,30,5.685933105802144,5.799907585160249,3.674773577917373,3.698854126305698,3.9077999999999995,18.044533333333334,446.6,1997.9666666666667,8.670925546709076e-05,1.862645149230957e-09,7.450580596923828e-09,True
port4,0.5,15,100,30,4.221913598335181,4.142248770440706,3.674773577917373,3.698854126305698,5.2658,18.044533333333334,639.7,1997.9666666666667,3.3002436666568213e-05,1.862645149230957e-09,7.450580596923828e-09,True
port4,0.5,25,100,30,3.8606474555036887,3.752854177695996,3.674773577917373,3.698854126305698,7.938000000000001,18.044533333333334,994.6666666666666,1997.9666666666667,5.855342543841088e-06,2.5596332107133318e-06,5.1192664214266635e-06,True
port4,0.5,50,100,30,3.7248940256883745,3.698854126305698,3.674773577917373,3.698854126305698,13.820400000000001,18.044533333333334,1577.3,1997.9666666666667,0.0,0.0032067376594402783,0.0032067376594402783,True
port4,0.7,10,100,30,3.8336594069808787,3.620791234505177,1.0883394208894117,1.087878908027503,4.286766666666667,20.261133333333337,443.3333333333333,1953.4,5.280673342877645e-05,1.862645149230957e-09,7.450580596923828e-09,True
port4,0.7,15,100,30,2.502902119579446,2.285198455019021,1.0883394208894117,1.087878908027503,5.782166666666667,20.261133333333337,637.8,1953.4,2.5823613675104128e-05,1.862645149230957e-09,7.450580596923828e-09,True
port4,0.7,25,100,30,1.3624686179686614,1.308950531320117,1.0883394208894117,1.087878908027503,8.8803,20.261133333333337,1007.5333333333333,1953.4,4.164523458720349e-06,3.789619441580871e-06,7.579238883161742e-06,True
port4,0.7,50,100,30,1.106788247498699,1.087878908027503,1.0883394208894117,1.087878908027503,14.628499999999999,20.261133333333337,1598.0666666666666,1953.4,0.0,0.0157641152996124,0.0157641152996124,True
port4,0.9,10,100,30,6.072722092943456,5.993348714063657,1.4372990525342337,1.3908411995943553,5.521566666666667,22.901866666666663,447.9,1866.3666666666666,2.847632229825597e-05,1.862645149230957e-09,7.450580596923828e-09,True
port4,0.9,15,100,30,4.0116904277044245,4.142097748316004,1.4372990525342337,1.3908411995943553,6.962833333333334,22.901866666666663,643.0333333333333,1866.3666666666666,1.4672758635967818e-05,1.862645149230957e-09,7.450580596923828e-09,True
port4,0.9,25,100,30,2.205382545275293,2.127398297783805,1.4372990525342337,1.3908411995943553,12.460066666666668,22.901866666666663,1000.7666666666667,1866.3666666666666,4.247779339619452e-06,3.789619441580871e-06,7.579238883161742e-06,True
port4,0.9,50,100,30,1.487746928462663,1.3908411995943553,1.4372990525342337,1.3908411995943553,18.46196666666667,22.901866666666663,1519.0,1866.3666666666666,0.0,0.01714803250145893,0.01714803250145893,True
port5,0.1,10,100,30,17.855137027600684,17.755707460671147,3.3560316979330738,3.229151434015053,3.6210666666666667,18.361566666666665,446.7,2139.5333333333333,0.0004946192945272261,1.862645149230957e-09,7.450580596923828e-09,True
port5,0.1,15,100,30,10.542544661983847,10.589521150396974,3.3560316979330738,3.229151434015053,4.766466666666667,18.361566666666665,641.9666666666667,2139.5333333333333,0.00023077458420072208,1.862645149230957e-09,7.450580596923828e-09,True
port5,0.1,25,100,30,5.782310600080746,5.311181511738648,3.3560316979330738,3.229151434015053,7.341033333333334,18.361566666666665,1018.0666666666667,2139.5333333333333,6.528008842208305e-05,1.862645149230957e-09,7.450580596923828e-09,True
port5,0.1,50,100,30,3.7633368424537355,3.3172718352326296,3.3560316979330738,3.229151434015053,12.757033333333334,18.361566666666665,1640.2333333333333,2139.5333333333333,2.130566957978539e-06,0.0001960933545337302,0.0001960933545337302,True
port5,0.3,10,100,30,16.40091306706237,14.981724743119571,3.4490693402929264,3.2655880967835023,3.484200000000001,18.493499999999997,445.96666666666664,2128.266666666667,0.00030460900062937997,1.862645149230957e-09,7.450580596923828e-09,True
port5,0.3,15,100,30,10.404697057424562,9.669850713391531,3.4490693402929264,3.2655880967835023,4.8127,18.493499999999997,639.3,2128.266666666667,0.00017584368758083338,1.862645149230957e-09,7.450580596923828e-09,True
port5,0.3,25,100,30,5.835363986633384,5.447490193330621,3.4490693402929264,3.2655880967835023,7.440966666666668,18.493499999999997,1005.7333333333333,2128.266666666667,5.524588282110115e-05,1.862645149230957e-09,7.450580596923828e-09,True
port5,0.3,50,100,30,3.636996576457376,3.2655880967835023,3.4490693402929264,3.2655880967835023,13.664699999999995,18.493499999999997,1635.5666666666666,2128.266666666667,0.0,0.001468849966215837,0.001468849966215837,True
port5,0.5,10,100,30,16.56165708978464,15.42177964602769,3.2631624657772296,3.229151434015053,3.4705666666666675,19.643666666666665,442.46666666666664,2124.233333333333,0.0002510526040551401,1.862645149230957e-09,7.450580596923828e-09,True
port5,0.5,15,100,30,10.419443396575595,9.856821965129274,3.2631624657772296,3.229151434015053,5.432199999999999,19.643666666666665,638.5,2124.233333333333,0.00014361272893853073,1.862645149230957e-09,7.450580596923828e-09,True
port5,0.5,25,100,30,5.199768064654477,4.569786767756257,3.2631624657772296,3.229151434015053,8.456366666666666,19.643666666666665,1007.3333333333334,2124.233333333333,2.5057491010819122e-05,2.5630832507250074e-06,5.126166501450015e-06,True
port5,0.5,50,100,30,3.474500710208033,3.3463897219094108,3.2631624657772296,3.229151434015053,13.411833333333334,19.643666666666665,1601.1,2124.233333333333,1.8337262063391167e-06,0.00013162704518922692,0.00013162704518922692,True
port5,0.7,10,100,30,14.166391775897186,15.264300251014468,3.7548706387938346,3.632037383753779,4.115166666666667,21.55636666666667,446.1666666666667,2144.8,0.00018082186483106305,1.862645149230957e-09,7.450580596923828e-09,True
port5,0.7,15,100,30,8.947300382244562,8.663307665826636,3.7548706387938346,3.632037383753779,6.0087,21.55636666666667,642.1333333333333,2144.8,7.395938728213617e-05,1.862645149230957e-09,7.450580596923828e-09,True
port5,0.7,25,100,30,5.413538404584674,5.183816838480208,3.7548706387938346,3.632037383753779,9.206,21.55636666666667,1017.6666666666666,2144.8,1.653463443332566e-05,1.862645149230957e-09,7.450580596923828e-09,True
port5,0.7,50,100,30,3.901581083203765,3.6963894306506533,3.7548706387938346,3.632037383753779,15.4912,21.55636666666667,1654.2666666666667,2144.8,4.2305560182473185e-08,0.0006516660806139112,0.0006516660806139112,True
port5,0.9,10,100,30,9.838850382854293,7.927211792304174,1.2616130761872648,1.1562708247404487,4.406999999999999,23.889200000000006,445.3333333333333,2210.5,6.301446902187877e-05,1.862645149230957e-09,7.450580596923828e-09,True
port5,0.9,15,100,30,6.0204572698704855,5.199465973942705,1.2616130761872648,1.1562708247404487,6.7743,23.889200000000006,640.7333333333333,2210.5,3.3710511820239525e-05,1.862645149230957e-09,7.450580596923828e-09,True
port5,0.9,25,100,30,2.9664919289098877,2.613703061679579,1.2616130761872648,1.1562708247404487,10.485333333333333,23.889200000000006,1011.1,2210.5,1.1666202717513314e-05,1.862645149230957e-09,7.450580596923828e-09,True
port5,0.9,50,100,30,1.7045766664575872,1.65246354268176,1.2616130761872648,1.1562708247404487,18.27466666666667,23.889200000000006,1679.2666666666667,2210.5,6.56251791679495e-08,0.00043777719457466344,0.00043777719457466344,True
