lambda,factor,effect_size_pe_pp,n_pairs,p_value,p_value_holm,significant_0_05_holm
average,POP,-0.4144357187813497,30,1.862645149230957e-09,1.30385160446167e-08,True
average,GEN,0.11595501342097,30,1.862645149230957e-09,1.30385160446167e-08,True
average,PM,0.2066664094464439,30,0.00018860027194023132,0.0007544010877609253,True
average,POP×GEN,-0.08789287695377476,30,3.725290298461914e-09,1.862645149230957e-08,True
average,POP×PM,-0.15963978691644579,30,0.0012321043759584427,0.0031145084649324417,True
average,GEN×PM,-0.04957676969623121,30,0.001038169488310814,0.0031145084649324417,True
average,POP×GEN×PM,0.025824271888257398,30,0.01283373311161995,0.01283373311161995,True
0.1,POP,-0.4390527459518273,30,6.146728992462158e-08,4.302710294723511e-07,True
0.1,GEN,0.18798213545243955,30,4.000583451138764e-05,0.00024003500706832584,True
0.1,PM,0.25319590901247074,30,0.0018640067428350449,0.0074560269713401794,True
0.1,POP×GEN,-0.14523848740399822,30,0.00036636517994901327,0.0018318258997450662,True
0.1,POP×PM,-0.1602141919344864,30,0.04048972204327583,0.08097944408655167,False
0.1,GEN×PM,-0.05841408485633278,30,0.02402932614210552,0.07208797842631656,False
0.1,POP×GEN×PM,0.015670436807891448,30,0.09179567441955518,0.09179567441955518,False
0.3,POP,-0.4942978200393919,30,8.9780321969436e-06,6.28462253786052e-05,True
0.3,GEN,0.10704481124103289,30,8.832385863081277e-05,0.0005299431517848766,True
0.3,PM,0.2762125717665817,30,0.021286106515804065,0.08514442606321626,False
0.3,POP×GEN,-0.09040337119498125,30,0.007590750750249291,0.037953753751246454,True
0.3,POP×PM,-0.2012953215564947,30,0.06511244687815546,0.19533734063446637,False
0.3,GEN×PM,0.003133166112150787,30,0.21787707790698652,0.43575415581397303,False
0.3,POP×GEN×PM,-0.006387780159414158,30,0.42209481142973415,0.43575415581397303,False
0.5,POP,-0.4300955451679009,30,1.3181208948734449e-05,9.226846264114114e-05,True
0.5,GEN,0.06679897854331206,30,1.8179489321282247e-05,0.00010907693592769348,True
0.5,PM,0.3319446155339604,30,0.008608592469900115,0.025825777409700344,True
0.5,POP×GEN,-0.04885977735871327,30,0.000490172675434757,0.001960690701739028,True
0.5,POP×PM,-0.31269569625681753,30,0.016877583744026235,0.03375516748805247,True
0.5,GEN×PM,-0.056809344856688614,30,0.0001918426266635926,0.000959213133317963,True
0.5,POP×GEN×PM,0.03887014367208983,30,0.022236854238712078,0.03375516748805247,True
0.7,POP,-0.19874888456896225,30,0.00029246278606886,0.0017547767164131601,True
0.7,GEN,0.04692132033341874,30,5.941682973416533e-05,0.0004159178081391573,True
0.7,PM,0.002722892054863202,30,0.4051305894807967,0.4051305894807967,False
0.7,POP×GEN,-0.028239911575088886,30,0.034887358790356274,0.1395494351614251,False
0.7,POP×PM,-0.021428563814526305,30,0.19080423740150576,0.3816084748030115,False
0.7,GEN×PM,-0.04554711748844082,30,0.0006573789380093083,0.0032868946900465414,True
0.7,POP×GEN×PM,0.026002095012981407,30,0.10836522503858753,0.3250956751157626,False
0.9,POP,-0.5099835981786666,30,1.862645149230957e-09,1.30385160446167e-08,True
0.9,GEN,0.17102782153464693,30,1.821529714896801e-05,0.00010929178289380806,True
0.9,PM,0.16925605886434364,30,0.12413446232676506,0.3724033869802952,False
0.9,POP×GEN,-0.12672283723609215,30,0.0009187757254428566,0.004593878627214283,True
0.9,POP×PM,-0.10256516101990411,30,0.5561132747679949,0.5561132747679949,False
0.9,GEN×PM,-0.09024646739184472,30,0.007880604073348726,0.0315224162933949,True
0.9,POP×GEN×PM,0.05496646410773838,30,0.1373547103361862,0.3724033869802952,False
