comparison,lambda,n_pairs,p_raw,p_holm,significant,combined_best_wins
combined_best_vs_baseline,0.1,30,0.9372907995369805,1.0,False,8
combined_best_vs_baseline,0.3,30,0.48359567428664985,1.0,False,9
combined_best_vs_baseline,0.5,30,0.9195547107907479,1.0,False,8
combined_best_vs_baseline,0.7,30,0.0907333597174521,0.4536667985872605,False,11
combined_best_vs_baseline,0.9,30,0.09090064381564275,0.4536667985872605,False,14
combined_best_vs_pop_only,0.1,30,1.862645149230957e-09,2.7939677238464355e-08,True,30
combined_best_vs_pop_only,0.3,30,1.862645149230957e-09,2.7939677238464355e-08,True,30
combined_best_vs_pop_only,0.5,30,1.862645149230957e-09,2.7939677238464355e-08,True,30
combined_best_vs_pop_only,0.7,30,1.862645149230957e-09,2.7939677238464355e-08,True,30
combined_best_vs_pop_only,0.9,30,1.862645149230957e-09,2.7939677238464355e-08,True,30
combined_best_vs_gen_only,0.1,30,0.0002933384361483954,0.0026400459253355588,True,21
combined_best_vs_gen_only,0.3,30,0.006670762888717035,0.04002457733230221,True,17
combined_best_vs_gen_only,0.5,30,0.0006045682627086699,0.00423197783896069,True,20
combined_best_vs_gen_only,0.7,30,0.00031316161408701627,0.0026400459253355588,True,20
combined_best_vs_gen_only,0.9,30,6.328787719695951e-05,0.0006328787719695951,True,22
