dataset,lambda,seed,best_fitness,return,std,pe_percent,n_evaluations,n_cache_hits,elapsed_seconds
port1,0.1,7,-0.005593506627071575,0.006361420000000001,0.03630032684817389,15.88839521226009,955,3995,8.977
port1,0.3,1,-0.004073222661955088,0.006347389003800575,0.0351164558151547,13.815086591896806,1123,3827,10.563
port1,0.5,2,-0.0025703023665247875,0.006272233728740134,0.03363969375143832,10.661565029574518,830,4120,7.846
port1,0.7,1,-0.0011195871364148647,0.006024900181163911,0.03134788482120123,6.021315232018158,1186,3764,11.106
port1,0.9,3,0.000191858295538136,0.005009205157497976,0.027744445115452758,2.436941879262567,901,4049,10.186
port2,0.1,3,-0.005862816199470028,0.006563099999999999,0.020969930979851073,12.636331547732969,1471,3479,11.754
port2,0.3,2,-0.004463018906611214,0.006556884291391276,0.02055886648648051,11.278278144793251,1519,3431,13.416
port2,0.5,2,-0.0030745690123055243,0.006530585938575496,0.01953069158950724,7.623886519695987,1616,3334,15.05
port2,0.7,1,-0.001695624100652861,0.006510563486859599,0.01918127604145768,6.391033659224968,1637,3313,14.936
port2,0.9,2,-0.00034179626105594667,0.00605799036402619,0.017127066796502492,2.5010950439613198,1878,3072,21.908
port3,0.1,12,-0.005491670791434118,0.0061638299999999995,0.023616987226545576,7.294462699844279,1772,3178,14.059
port3,0.3,2,-0.004147366004489558,0.0061632302197132645,0.02358637666886877,7.225499701084873,1631,3319,14.292
port3,0.5,3,-0.002807400734592702,0.006151935530940669,0.023176152867878348,6.318456088673591,1914,3036,16.514
port3,0.7,1,-0.0014756283249371428,0.006097158373677419,0.022472814915743468,5.167015704474589,1578,3372,17.058
port3,0.9,3,-0.0002359442249305737,0.005376733604653882,0.01830995890324942,0.5836619608081262,1723,3227,20.244
port4,0.1,5,-0.006740500791606934,0.00759576,0.030932702499630906,5.845860023096188,1620,3330,12.386
port4,0.3,3,-0.0050376394353206155,0.00758941,0.030273616933967677,4.900003236619753,1826,3124,15.051
port4,0.5,1,-0.003341322370524582,0.0075275460789047954,0.029067186617483823,3.698854126305698,1785,3165,17.823
port4,0.7,1,-0.0017114065104567695,0.007280695954332095,0.025989071215275404,1.087878908027503,1655,3295,18.211
port4,0.9,3,-0.0002737985410178546,0.005481763453669398,0.017460361595755654,1.3908411995943553,1518,3432,19.617
port5,0.1,9,-0.0030793961720169583,0.0035010700000000002,0.026751977120026353,3.229151434015053,1958,2992,16.681
port5,0.3,3,-0.0022360485160508757,0.00350107,0.026751977120026353,3.229151434015065,1930,3020,16.679
port5,0.5,1,-0.0013927008600847935,0.0035010700000000002,0.026751977120026357,3.229151434015053,1900,3050,19.992
port5,0.7,1,-0.0005660495133554657,0.00339175916663646,0.02539623809699473,3.632037383753779,2137,2813,21.32
port5,0.9,1,0.00015600792962490445,0.002155670856778801,0.020318984426250367,1.0208961095237223,2188,2762,26.855
