dataset,label,n_assets,seed,best_fitness,n_evaluations,elapsed_seconds
port1,Hang Seng,31,1,-0.0025703023665247875,1023,2.436
port1,Hang Seng,31,2,-0.0025703023665247875,830,1.998
port1,Hang Seng,31,3,-0.0025703023665247875,1163,2.735
port1,Hang Seng,31,4,-0.0025703023665247875,1192,2.774
port1,Hang Seng,31,5,-0.0025703023665247875,1396,3.209
port2,DAX 100,85,1,-0.003070849203910922,1675,3.454
port2,DAX 100,85,2,-0.0030745690123055243,1616,3.403
port2,DAX 100,85,3,-0.0030745690123055243,1661,3.531
port2,DAX 100,85,4,-0.0030745690123055243,2105,4.419
port2,DAX 100,85,5,-0.0030745690123055243,2278,4.735
port3,FTSE 100,89,1,-0.002807400734592702,2059,4.503
port3,FTSE 100,89,2,-0.002807400734592702,2482,5.987
port3,FTSE 100,89,3,-0.002807400734592702,1914,4.095
port3,FTSE 100,89,4,-0.002807400734592702,1919,4.176
port3,FTSE 100,89,5,-0.002807400734592702,1925,4.257
port4,S&P 100,98,1,-0.003341322370524582,1785,3.637
port4,S&P 100,98,2,-0.003341322370524582,2228,4.516
port4,S&P 100,98,3,-0.003341322370524582,1839,3.781
port4,S&P 100,98,4,-0.003341322370524582,1977,4.165
port4,S&P 100,98,5,-0.0033407898366797657,1675,3.475
port5,Nikkei 225,225,1,-0.0013927008600847935,1900,3.857
port5,Nikkei 225,225,2,-0.0013927008600847935,2550,4.862
port5,Nikkei 225,225,3,-0.0013921048418895814,2335,4.602
port5,Nikkei 225,225,4,-0.0013927008600847935,2035,4.884
port5,Nikkei 225,225,5,-0.0013927008600847935,1916,4.314
