dataset,lambda,pop_size,pm,n_pairs,ga_wins,ties,random_wins,ga_median_fitness,random_median_fitness,median_difference,p_value_one_sided,p_value_holm,significant_0_05_holm,ga_mean_hit_rate,random_mean_hit_rate,ga_mean_seconds,random_mean_seconds
port1,0.1,10,0.1,30,30,0,0,-0.005078499193226655,-0.004523856701258863,-0.0005316424208335773,9.313225746154785e-10,2.3283064365386963e-07,True,0.8143589743589743,0.0,0.21937414666851207,0.11412206333188805
port1,0.1,10,0.15,30,30,0,0,-0.005092719512640104,-0.004523856701258863,-0.0005235994995213271,9.313225746154785e-10,2.3283064365386963e-07,True,0.7669963369963368,0.0,0.22959118666961634,0.11817204999776247
port1,0.1,10,0.2,30,30,0,0,-0.005097005171556257,-0.004523856701258863,-0.0005552736420989138,9.313225746154785e-10,2.3283064365386963e-07,True,0.7200000000000001,0.0,0.23801091666488597,0.1199382199983423
port1,0.1,10,0.25,30,30,0,0,-0.005092719512640104,-0.004523856701258863,-0.0005671502836352613,9.313225746154785e-10,2.3283064365386963e-07,True,0.6621611721611722,0.0,0.24215599666640628,0.1186343033342079
port1,0.1,10,0.3,30,30,0,0,-0.005097005171556257,-0.004523856701258863,-0.0005731484702973938,9.313225746154785e-10,2.3283064365386963e-07,True,0.5980219780219781,0.0,0.2611502266682995,0.12327671333429559
port1,0.1,15,0.1,30,30,0,0,-0.005097005171556257,-0.004620852454065729,-0.0004740098880324506,9.313225746154785e-10,2.3283064365386963e-07,True,0.8115429917550059,0.0,0.3214434500017281,0.19013995667046402
port1,0.1,15,0.15,30,30,0,0,-0.005097005171556257,-0.004620852454065729,-0.00047615271749052715,9.313225746154785e-10,2.3283064365386963e-07,True,0.766831566548881,0.0,0.33298993999972787,0.18832357333158142
port1,0.1,15,0.2,30,30,0,0,-0.005097005171556257,-0.004620852454065729,-0.00047466550702156274,9.313225746154785e-10,2.3283064365386963e-07,True,0.7058657243816255,0.0,0.3721316266640012,0.19446534666543205
port1,0.1,15,0.25,30,30,0,0,-0.005097005171556257,-0.004620852454065729,-0.00047615271749052715,9.313225746154785e-10,2.3283064365386963e-07,True,0.6774322732626619,0.0,0.3541882000019541,0.17760173666659587
port1,0.1,15,0.3,30,30,0,0,-0.005097005171556257,-0.004620852454065729,-0.00047615271749052715,9.313225746154785e-10,2.3283064365386963e-07,True,0.6065959952885748,0.0,0.4297677733353339,0.20151050666948625
port1,0.3,10,0.1,30,30,0,0,-0.0036817975796799643,-0.00325530600033016,-0.0004194317865356678,9.313225746154785e-10,2.3283064365386963e-07,True,0.8163369963369963,0.0,0.21954945333030385,0.1239360566639031
port1,0.3,10,0.15,30,30,0,0,-0.0036868263946959736,-0.00325530600033016,-0.0004019720750521828,9.313225746154785e-10,2.3283064365386963e-07,True,0.7732600732600733,0.0,0.2814128866690832,0.16159886000095866
port1,0.3,10,0.2,30,30,0,0,-0.0036946155146687708,-0.00325530600033016,-0.0004107926408820988,9.313225746154785e-10,2.3283064365386963e-07,True,0.7239926739926741,0.0,0.28535531333182007,0.14343348666540504
port1,0.3,10,0.25,30,30,0,0,-0.0036946155146687708,-0.00325530600033016,-0.0004393095143386111,9.313225746154785e-10,2.3283064365386963e-07,True,0.6644322344322345,0.0,0.26302750999457203,0.1291264166677138
port1,0.3,10,0.3,30,30,0,0,-0.0036946155146687708,-0.00325530600033016,-0.00042971977552650853,9.313225746154785e-10,2.3283064365386963e-07,True,0.6111721611721612,0.0,0.25699916666490025,0.12215672000214302
port1,0.3,15,0.1,30,30,0,0,-0.0036868263946959736,-0.0033217570075184406,-0.00036896394716393163,9.313225746154785e-10,2.3283064365386963e-07,True,0.8057714958775031,0.0,0.3486906499989952,0.2028057033312507
port1,0.3,15,0.15,30,30,0,0,-0.0036946155146687708,-0.0033217570075184406,-0.00036896394716393163,9.313225746154785e-10,2.3283064365386963e-07,True,0.7640047114252061,0.0,0.35314920666763405,0.2018307300003168
port1,0.3,15,0.2,30,30,0,0,-0.0036946155146687708,-0.0033217570075184406,-0.0003728585071503302,9.313225746154785e-10,2.3283064365386963e-07,True,0.7106242638398115,0.0,0.3568081599960957,0.18718379333634705
port1,0.3,15,0.25,30,30,0,0,-0.0036946155146687708,-0.0033217570075184406,-0.0003727458689085181,9.313225746154785e-10,2.3283064365386963e-07,True,0.6588221436984686,0.0,0.40172335333287873,0.20081702000170482
port1,0.3,15,0.3,30,30,0,0,-0.0036946155146687708,-0.0033217570075184406,-0.0003728585071503302,9.313225746154785e-10,2.3283064365386963e-07,True,0.5799057714958775,0.0,0.4598362333364397,0.21770591666766753
port1,0.5,10,0.1,30,30,0,0,-0.002292225857781285,-0.001987488495431343,-0.00030947616679559203,9.313225746154785e-10,2.3283064365386963e-07,True,0.8197069597069596,0.0,0.24264486000077642,0.13924514999671372
port1,0.5,10,0.15,30,30,0,0,-0.002300061875237661,-0.001987488495431343,-0.0003125733798063179,9.313225746154785e-10,2.3283064365386963e-07,True,0.7623809523809525,0.0,0.22521115333365743,0.12801719000077963
port1,0.5,10,0.2,30,30,0,0,-0.002300061875237661,-0.001987488495431343,-0.0003042208304121232,9.313225746154785e-10,2.3283064365386963e-07,True,0.7176556776556776,0.0,0.2452286866668146,0.1293129533335256
port1,0.5,10,0.25,30,30,0,0,-0.002300061875237661,-0.001987488495431343,-0.00031094560545710304,9.313225746154785e-10,2.3283064365386963e-07,True,0.6664468864468864,0.0,0.2609666333330097,0.12746796666954954
port1,0.5,10,0.3,30,30,0,0,-0.002300061875237661,-0.001987488495431343,-0.00030892730325839893,9.313225746154785e-10,2.3283064365386963e-07,True,0.6161172161172161,0.0,0.26218349000264424,0.12046047332890643
port1,0.5,15,0.1,30,30,0,0,-0.002300061875237661,-0.0020250362957599565,-0.0002713795029297857,9.313225746154785e-10,2.3283064365386963e-07,True,0.8090223792697291,0.0,0.3515111366674925,0.20141815333433138
port1,0.5,15,0.15,30,30,0,0,-0.002300061875237661,-0.0020250362957599565,-0.00026916991592727097,9.313225746154785e-10,2.3283064365386963e-07,True,0.7690694935217904,0.0,0.35585811333439776,0.19161366666473137
port1,0.5,15,0.2,30,30,0,0,-0.002300061875237661,-0.0020250362957599565,-0.0002713795029297857,9.313225746154785e-10,2.3283064365386963e-07,True,0.7136395759717316,0.0,0.36362781999729726,0.1861351033313743
port1,0.5,15,0.25,30,30,0,0,-0.002300061875237661,-0.0020250362957599565,-0.0002716590737630218,9.313225746154785e-10,2.3283064365386963e-07,True,0.6736866902237928,0.0,0.40105524667014836,0.20205023333740732
port1,0.5,15,0.3,30,30,0,0,-0.002300061875237661,-0.0020250362957599565,-0.0002750255794777047,9.313225746154785e-10,2.3283064365386963e-07,True,0.5973851590106009,0.0,0.4654313266694468,0.2082661733351415
port1,0.7,10,0.1,30,30,0,0,-0.0009584115136982235,-0.0007497012154295428,-0.00020377663853923746,9.313225746154785e-10,2.3283064365386963e-07,True,0.8157142857142856,0.0,0.21688955666904802,0.12981584000226576
port1,0.7,10,0.15,30,30,0,0,-0.0009584115136982235,-0.0007497012154295428,-0.00020132130923744714,9.313225746154785e-10,2.3283064365386963e-07,True,0.7688278388278388,0.0,0.22702617333367622,0.12233905666895832
port1,0.7,10,0.2,30,30,0,0,-0.0009666892266843818,-0.0007497012154295428,-0.00020600660041537622,9.313225746154785e-10,2.3283064365386963e-07,True,0.7147252747252747,0.0,0.23896641999696536,0.12577875333760555
port1,0.7,10,0.25,30,30,0,0,-0.0009666892266843818,-0.0007497012154295428,-0.00021587726576524982,9.313225746154785e-10,2.3283064365386963e-07,True,0.6674358974358976,0.0,0.24504619000072125,0.12357337333087344
port1,0.7,10,0.3,30,30,0,0,-0.0009666892266843818,-0.0007497012154295428,-0.00021690035846612393,9.313225746154785e-10,2.3283064365386963e-07,True,0.6117582417582418,0.0,0.2600911966651135,0.12231595667253714
port1,0.7,15,0.1,30,30,0,0,-0.0009666892266843818,-0.0007744585396547632,-0.00019155787998819578,9.313225746154785e-10,2.3283064365386963e-07,True,0.8138987043580684,0.0,0.3303776066662977,0.18844103999920966
port1,0.7,15,0.15,30,30,0,0,-0.0009666892266843818,-0.0007744585396547632,-0.00019155787998819578,9.313225746154785e-10,2.3283064365386963e-07,True,0.7696348645465254,0.0,0.3611607999987124,0.1931108833339143
port1,0.7,15,0.2,30,30,0,0,-0.0009666892266843818,-0.0007744585396547632,-0.00019137552012640698,9.313225746154785e-10,2.3283064365386963e-07,True,0.7203062426383983,0.0,0.3608848933314827,0.18530105000148372
port1,0.7,15,0.25,30,30,0,0,-0.0009666892266843818,-0.0007744585396547632,-0.00019223068702961868,9.313225746154785e-10,2.3283064365386963e-07,True,0.6663133097762073,0.0,0.38968211333364405,0.18884446666537164
port1,0.7,15,0.3,30,30,0,0,-0.0009666892266843818,-0.0007744585396547632,-0.00019223068702961868,9.313225746154785e-10,2.3283064365386963e-07,True,0.6092108362779741,0.0,0.39674782000074627,0.18611559333221522
port1,0.9,10,0.1,30,30,0,0,0.000260894203071024,0.0003762178876917365,-0.00011705357742155961,9.313225746154785e-10,2.3283064365386963e-07,True,0.8192673992673992,0.0,0.20875099333449423,0.12417332333667824
port1,0.9,10,0.15,30,30,0,0,0.0002552779377209428,0.0003762178876917365,-0.00011928459111594012,9.313225746154785e-10,2.3283064365386963e-07,True,0.765201465201465,0.0,0.23408883333419606,0.13059017333337883
port1,0.9,10,0.2,30,30,0,0,0.0002585886554306499,0.0003762178876917365,-0.00011674986993387933,9.313225746154785e-10,2.3283064365386963e-07,True,0.7173260073260074,0.0,0.26210833333898337,0.13458552999945822
port1,0.9,10,0.25,30,30,0,0,0.0002585886554306499,0.0003762178876917365,-0.00011749622790743625,9.313225746154785e-10,2.3283064365386963e-07,True,0.6685714285714288,0.0,0.26768823666595076,0.13485317333737232
port1,0.9,10,0.3,30,30,0,0,0.0002552779377209428,0.0003762178876917365,-0.00012093994997079365,9.313225746154785e-10,2.3283064365386963e-07,True,0.6221245421245422,0.0,0.2775529933375462,0.12791827666806058
port1,0.9,15,0.1,30,30,0,0,0.0002552779377209428,0.0003729098602688843,-0.00011364353869299085,9.313225746154785e-10,2.3283064365386963e-07,True,0.8170082449941106,0.0,0.3523123400014204,0.21006939666791974
port1,0.9,15,0.15,30,30,0,0,0.0002552779377209428,0.0003729098602688843,-0.00011609657731208591,9.313225746154785e-10,2.3283064365386963e-07,True,0.7655594817432274,0.0,0.41105717333751574,0.23049830666665608
port1,0.9,15,0.2,30,30,0,0,0.0002552779377209428,0.0003729098602688843,-0.00011733088756049948,9.313225746154785e-10,2.3283064365386963e-07,True,0.7235100117785631,0.0,0.4577566000031463,0.2366932700019485
port1,0.9,15,0.25,30,30,0,0,0.0002552779377209428,0.0003729098602688843,-0.00011733088756049948,9.313225746154785e-10,2.3283064365386963e-07,True,0.6632273262661956,0.0,0.5029115333328567,0.25746241667172093
port1,0.9,15,0.3,30,30,0,0,0.0002552779377209428,0.0003729098602688843,-0.00011733088756049948,9.313225746154785e-10,2.3283064365386963e-07,True,0.6251590106007067,0.0,0.4208060333359754,0.1913816366655131
port2,0.1,10,0.1,30,30,0,0,-0.004827292242718634,-0.003391048774475342,-0.001362481264826403,9.313225746154785e-10,2.3283064365386963e-07,True,0.773076923076923,0.0,0.26437073666699384,0.13598669666486482
port2,0.1,10,0.15,30,30,0,0,-0.004898275311110877,-0.003391048774475342,-0.0014324104327367833,9.313225746154785e-10,2.3283064365386963e-07,True,0.7198168498168499,0.0,0.26622032666540085,0.13062518333511738
port2,0.1,10,0.2,30,30,0,0,-0.004929111513565981,-0.003391048774475342,-0.001462054775773687,9.313225746154785e-10,2.3283064365386963e-07,True,0.6441391941391943,0.0,0.2994210433350721,0.14123977333462487
port2,0.1,10,0.25,30,30,0,0,-0.00494378312153676,-0.003391048774475342,-0.0014607226555116454,9.313225746154785e-10,2.3283064365386963e-07,True,0.5819047619047619,0.0,0.3370912866686316,0.16403485000094709
port2,0.1,10,0.3,30,30,0,0,-0.004944637103542508,-0.003391048774475342,-0.001493431042514098,9.313225746154785e-10,2.3283064365386963e-07,True,0.5131501831501831,0.0,0.4106806933307477,0.1929373466661976
port2,0.1,15,0.1,30,30,0,0,-0.004943615994802374,-0.0034042501171024486,-0.00146685867228219,9.313225746154785e-10,2.3283064365386963e-07,True,0.7402826855123674,0.0,0.47347098000270005,0.2638786966689319
port2,0.1,15,0.15,30,30,0,0,-0.00497194814898356,-0.0034042501171024486,-0.001536142893579842,9.313225746154785e-10,2.3283064365386963e-07,True,0.6755241460541813,0.0,0.5645630400026372,0.3025703000030868
port2,0.1,15,0.2,30,30,0,0,-0.004985584106263038,-0.0034042501171024486,-0.0015479123833974917,9.313225746154785e-10,2.3283064365386963e-07,True,0.6088103651354534,0.0,0.5484164333320223,0.2422520800018295
port2,0.1,15,0.25,30,30,0,0,-0.0049825236971613425,-0.0034042501171024486,-0.0015839154378596869,9.313225746154785e-10,2.3283064365386963e-07,True,0.5402826855123676,0.0,0.5697656266653212,0.23874305666637763
port2,0.1,15,0.3,30,30,0,0,-0.004989889430699022,-0.0034042501171024486,-0.001559635984833922,9.313225746154785e-10,2.3283064365386963e-07,True,0.46244994110718485,0.0,0.4520933766674716,0.20147967333517347
port2,0.3,10,0.1,30,29,0,1,-0.0036651522293057624,-0.0025688915097561126,-0.0010044716240777255,1.862645149230957e-09,2.3283064365386963e-07,True,0.7770695970695971,0.0,0.23702121333141501,0.13370748666833
port2,0.3,10,0.15,30,30,0,0,-0.003734151253168262,-0.0025688915097561126,-0.0010902134781771078,9.313225746154785e-10,2.3283064365386963e-07,True,0.7171794871794874,0.0,0.22633403999886165,0.12338643999828491
port2,0.3,10,0.2,30,30,0,0,-0.003734655958651844,-0.0025688915097561126,-0.0010945733302618436,9.313225746154785e-10,2.3283064365386963e-07,True,0.6434065934065935,0.0,0.2591190099978121,0.13096454666908056
port2,0.3,10,0.25,30,30,0,0,-0.0037578870981043485,-0.0025688915097561126,-0.0011334630758464634,9.313225746154785e-10,2.3283064365386963e-07,True,0.5778388278388279,0.0,0.29862588666728695,0.14662739666528068
port2,0.3,10,0.3,30,30,0,0,-0.0037727671878882403,-0.0025688915097561126,-0.0011910541757714276,9.313225746154785e-10,2.3283064365386963e-07,True,0.5062271062271062,0.0,0.3128975766643028,0.1464492933358997
port2,0.3,15,0.1,30,30,0,0,-0.0037279538138749136,-0.002574820906658091,-0.0010928944142247151,9.313225746154785e-10,2.3283064365386963e-07,True,0.7409422850412248,0.0,0.43245892666745933,0.2147177500058509
port2,0.3,15,0.15,30,30,0,0,-0.0037857875546317334,-0.002574820906658091,-0.0011884489844338536,9.313225746154785e-10,2.3283064365386963e-07,True,0.6741578327444052,0.0,0.4108472599948679,0.20657053333319103
port2,0.3,15,0.2,30,30,0,0,-0.0037885085820258276,-0.002574820906658091,-0.0011765612643902478,9.313225746154785e-10,2.3283064365386963e-07,True,0.6204475853945819,0.0,0.43658670666724597,0.22175278333403792
port2,0.3,15,0.25,30,30,0,0,-0.00380659663574942,-0.002574820906658091,-0.0012132720730653164,9.313225746154785e-10,2.3283064365386963e-07,True,0.5510011778563014,0.0,0.41943890999828,0.19408505000077034
port2,0.3,15,0.3,30,30,0,0,-0.00380659663574942,-0.002574820906658091,-0.001235090567955951,9.313225746154785e-10,2.3283064365386963e-07,True,0.4619787985865724,0.0,0.4469673666647092,0.1998850266681984
port2,0.5,10,0.1,30,29,0,1,-0.002490489074444428,-0.0017442443772337738,-0.0006952667092164502,1.862645149230957e-09,2.3283064365386963e-07,True,0.7758608058608059,0.0,0.21348404666641727,0.11923608999835172
port2,0.5,10,0.15,30,30,0,0,-0.0025677793147240256,-0.0017442443772337738,-0.0007825690995401746,9.313225746154785e-10,2.3283064365386963e-07,True,0.7095970695970696,0.0,0.23994396666821557,0.1303957633363704
port2,0.5,10,0.2,30,30,0,0,-0.0025840504263675295,-0.0017442443772337738,-0.0007954114809894446,9.313225746154785e-10,2.3283064365386963e-07,True,0.6426007326007327,0.0,0.25106479666913706,0.12271506666438654
port2,0.5,10,0.25,30,30,0,0,-0.002589816304359155,-0.0017442443772337738,-0.0008414063196682739,9.313225746154785e-10,2.3283064365386963e-07,True,0.5773626373626375,0.0,0.2894065199992231,0.13700221666852788
port2,0.5,10,0.3,30,30,0,0,-0.002581608722168258,-0.0017442443772337738,-0.0008309139786099835,9.313225746154785e-10,2.3283064365386963e-07,True,0.5166300366300366,0.0,0.25962668000138367,0.1220639000016187
port2,0.5,15,0.1,30,30,0,0,-0.0025730911526088557,-0.0017539600922482348,-0.0007714248269495263,9.313225746154785e-10,2.3283064365386963e-07,True,0.7404711425206124,0.0,0.3950935266640348,0.21321691666380502
port2,0.5,15,0.15,30,30,0,0,-0.002605595356684761,-0.0017539600922482348,-0.000828626754702662,9.313225746154785e-10,2.3283064365386963e-07,True,0.6788457008244995,0.0,0.37253139333430835,0.19952087999748377
port2,0.5,15,0.2,30,30,0,0,-0.002604766612304828,-0.0017539600922482348,-0.0008563377243294043,9.313225746154785e-10,2.3283064365386963e-07,True,0.6117550058892814,0.0,0.40322340666801515,0.19288862000006096
port2,0.5,15,0.25,30,30,0,0,-0.002622786564952976,-0.0017539600922482348,-0.0008657662352217686,9.313225746154785e-10,2.3283064365386963e-07,True,0.5381389870435807,0.0,0.40888821666982644,0.1925273133344793
port2,0.5,15,0.3,30,30,0,0,-0.002605290193576971,-0.0017539600922482348,-0.0008264619526631504,9.313225746154785e-10,2.3283064365386963e-07,True,0.46002355712603066,0.0,0.44220578333188315,0.19279471000093812
port2,0.7,10,0.1,30,30,0,0,-0.0013726172589631248,-0.0009189221281272834,-0.0004143000838500094,9.313225746154785e-10,2.3283064365386963e-07,True,0.7887912087912089,0.0,0.2106370099965716,0.1181512166687753
port2,0.7,10,0.15,30,30,0,0,-0.0013820133096887868,-0.0009189221281272834,-0.00046587200521569267,9.313225746154785e-10,2.3283064365386963e-07,True,0.7145054945054945,0.0,0.2287266399973305,0.11913253999858474
port2,0.7,10,0.2,30,30,0,0,-0.0014155249100018894,-0.0009189221281272834,-0.0004682594834900845,9.313225746154785e-10,2.3283064365386963e-07,True,0.645860805860806,0.0,0.24014917999932853,0.12315968000233019
port2,0.7,10,0.25,30,30,0,0,-0.0014209807714012195,-0.0009189221281272834,-0.00048651058234223634,9.313225746154785e-10,2.3283064365386963e-07,True,0.5789743589743589,0.0,0.26787119333360654,0.1335769533334921
port2,0.7,10,0.3,30,30,0,0,-0.0014221549640714118,-0.0009189221281272834,-0.0004826392533725562,9.313225746154785e-10,2.3283064365386963e-07,True,0.5203296703296704,0.0,0.273858366664111,0.12325009333338434
port2,0.7,15,0.1,30,30,0,0,-0.0014250278767108172,-0.0009311994260801212,-0.00047912505199274144,9.313225746154785e-10,2.3283064365386963e-07,True,0.739882214369847,0.0,0.33739013666442286,0.18449154999883224
port2,0.7,15,0.15,30,30,0,0,-0.0014288052040359503,-0.0009311994260801212,-0.0004746837027221731,9.313225746154785e-10,2.3283064365386963e-07,True,0.6763722025912838,0.0,0.3564698033335541,0.18385542333417107
port2,0.7,15,0.2,30,30,0,0,-0.0014288052040359503,-0.0009311994260801212,-0.00048495140067785554,9.313225746154785e-10,2.3283064365386963e-07,True,0.6108127208480566,0.0,0.37862497666598455,0.18578641333442647
port2,0.7,15,0.25,30,30,0,0,-0.0014306838570243947,-0.0009311994260801212,-0.0005056209598156463,9.313225746154785e-10,2.3283064365386963e-07,True,0.5330035335689046,0.0,0.39709483333087214,0.18581914333238578
port2,0.7,15,0.3,30,30,0,0,-0.0014306838570243947,-0.0009311994260801212,-0.0005016359233619531,9.313225746154785e-10,2.3283064365386963e-07,True,0.4695170789163722,0.0,0.4425571300002048,0.20149409666482826
port2,0.9,10,0.1,30,30,0,0,-0.00027872895136400727,-9.868972223149053e-05,-0.00015609459778197294,9.313225746154785e-10,2.3283064365386963e-07,True,0.784029304029304,0.0,0.21701957333134486,0.1258194533341642
port2,0.9,10,0.15,30,30,0,0,-0.00027595972406376277,-9.868972223149053e-05,-0.00016568661204769913,9.313225746154785e-10,2.3283064365386963e-07,True,0.7115018315018314,0.0,0.22689016999793238,0.1164251933330282
port2,0.9,10,0.2,30,30,0,0,-0.0002877378991528243,-9.868972223149053e-05,-0.00018515727388280446,9.313225746154785e-10,2.3283064365386963e-07,True,0.6475091575091576,0.0,0.2517590299985992,0.13196233000295857
port2,0.9,10,0.25,30,30,0,0,-0.00028943535713393305,-9.868972223149053e-05,-0.00018412525470849176,9.313225746154785e-10,2.3283064365386963e-07,True,0.5886813186813188,0.0,0.24999753999970079,0.1182629933367328
port2,0.9,10,0.3,30,30,0,0,-0.0002886140527449731,-9.868972223149053e-05,-0.00018210746456314667,9.313225746154785e-10,2.3283064365386963e-07,True,0.5178754578754579,0.0,0.2728077800003424,0.12420966666541063
port2,0.9,15,0.1,30,30,0,0,-0.000288113755107717,-0.00010244866450457394,-0.00017801833719212465,9.313225746154785e-10,2.3283064365386963e-07,True,0.7504358068315666,0.0,0.32839910000135814,0.1820538333345515
port2,0.9,15,0.15,30,30,0,0,-0.0002897593730021366,-0.00010244866450457394,-0.00018402450995169017,9.313225746154785e-10,2.3283064365386963e-07,True,0.6704358068315666,0.0,0.4018896433321061,0.21468651333416347
port2,0.9,15,0.2,30,30,0,0,-0.0002945840772727977,-0.00010244866450457394,-0.00019391802952886038,9.313225746154785e-10,2.3283064365386963e-07,True,0.6017667844522967,0.0,0.42857576000193753,0.20158871666741712
port2,0.9,15,0.25,30,30,0,0,-0.0002957780212467707,-0.00010244866450457394,-0.00019218679443244946,9.313225746154785e-10,2.3283064365386963e-07,True,0.5360188457008246,0.0,0.43482672666432337,0.2060815800029862
port2,0.9,15,0.3,30,30,0,0,-0.00029547493847893844,-0.00010244866450457394,-0.0001907707543067252,9.313225746154785e-10,2.3283064365386963e-07,True,0.4478209658421673,0.0,0.4177946233326414,0.18400180666843274
port3,0.1,10,0.1,30,30,0,0,-0.0048589545103756935,-0.003819458483611828,-0.0009661216838394411,9.313225746154785e-10,2.3283064365386963e-07,True,0.7846153846153846,0.0,0.26922200999688356,0.14375173333197988
port3,0.1,10,0.15,30,30,0,0,-0.0049476866727502945,-0.003819458483611828,-0.0011892305580839331,9.313225746154785e-10,2.3283064365386963e-07,True,0.7144322344322346,0.0,0.3154476000034871,0.15509640667102456
port3,0.1,10,0.2,30,30,0,0,-0.005009566443649005,-0.003819458483611828,-0.0011663006267764676,9.313225746154785e-10,2.3283064365386963e-07,True,0.6563369963369964,0.0,0.24809676333582806,0.12512769000313712
port3,0.1,10,0.25,30,30,0,0,-0.005013875529505741,-0.003819458483611828,-0.0012031223703101938,9.313225746154785e-10,2.3283064365386963e-07,True,0.5922344322344323,0.0,0.2651816000007481,0.12952921999967656
port3,0.1,10,0.3,30,30,0,0,-0.005029933313154329,-0.003819458483611828,-0.0011680767875569217,9.313225746154785e-10,2.3283064365386963e-07,True,0.524029304029304,0.0,0.3008129433331002,0.1370131266672009
port3,0.1,15,0.1,30,30,0,0,-0.004985853583356918,-0.0039253760681409915,-0.001024058514897766,9.313225746154785e-10,2.3283064365386963e-07,True,0.7477502944640755,0.0,0.36250273666907257,0.20521793666897187
port3,0.1,15,0.15,30,30,0,0,-0.005065847024514451,-0.0039253760681409915,-0.0011170213172305063,9.313225746154785e-10,2.3283064365386963e-07,True,0.6800235571260306,0.0,0.37887349333420084,0.19737275000079535
port3,0.1,15,0.2,30,30,0,0,-0.005050415537667213,-0.0039253760681409915,-0.0011399784522371883,9.313225746154785e-10,2.3283064365386963e-07,True,0.6157832744405183,0.0,0.43503966999802895,0.20173705000197514
port3,0.1,15,0.25,30,30,0,0,-0.005052370089830453,-0.0039253760681409915,-0.0011081605955110645,9.313225746154785e-10,2.3283064365386963e-07,True,0.544193168433451,0.0,0.46361106999587115,0.21973952333501073
port3,0.1,15,0.3,30,30,0,0,-0.005057556049717571,-0.0039253760681409915,-0.0011313980415987844,9.313225746154785e-10,2.3283064365386963e-07,True,0.483203769140165,0.0,0.440777613336104,0.20048369666425667
port3,0.3,10,0.1,30,30,0,0,-0.003734097434124033,-0.002882425794918552,-0.0008092009446442807,9.313225746154785e-10,2.3283064365386963e-07,True,0.7723809523809523,0.0,0.21655642666349498,0.12438271000282838
port3,0.3,10,0.15,30,30,0,0,-0.00371077386594739,-0.002882425794918552,-0.0008062204805862764,9.313225746154785e-10,2.3283064365386963e-07,True,0.7176923076923079,0.0,0.22978727000008803,0.12270543666866919
port3,0.3,10,0.2,30,30,0,0,-0.003782598448614797,-0.002882425794918552,-0.000856580082059721,9.313225746154785e-10,2.3283064365386963e-07,True,0.6478021978021979,0.0,0.2417025499996574,0.1190897266700631
port3,0.3,10,0.25,30,30,0,0,-0.003771206316846373,-0.002882425794918552,-0.0008682102007684012,9.313225746154785e-10,2.3283064365386963e-07,True,0.5903296703296703,0.0,0.24930174333470254,0.12207350666673543
port3,0.3,10,0.3,30,30,0,0,-0.003794731009421955,-0.002882425794918552,-0.0009039426085626484,9.313225746154785e-10,2.3283064365386963e-07,True,0.5215750915750915,0.0,0.2630956266676852,0.12218530000148652
port3,0.3,15,0.1,30,30,0,0,-0.0037962466602294324,-0.002959317454266197,-0.0008286018062023956,9.313225746154785e-10,2.3283064365386963e-07,True,0.7469022379269727,0.0,0.344320506665584,0.1986549633331985
port3,0.3,15,0.15,30,30,0,0,-0.003809077409206358,-0.002959317454266197,-0.0008248348582808687,9.313225746154785e-10,2.3283064365386963e-07,True,0.6877031802120139,0.0,0.35341112333117053,0.1851419366673023
port3,0.3,15,0.2,30,30,0,0,-0.003830236779599129,-0.002959317454266197,-0.0008618622647423356,9.313225746154785e-10,2.3283064365386963e-07,True,0.6084334511189635,0.0,0.38494160000021416,0.19436491333375064
port3,0.3,15,0.25,30,30,0,0,-0.003835605410045544,-0.002959317454266197,-0.0008628203054815138,9.313225746154785e-10,2.3283064365386963e-07,True,0.5423321554770317,0.0,0.39712032000146186,0.1913492166699143
port3,0.3,15,0.3,30,30,0,0,-0.003837813997933994,-0.002959317454266197,-0.0008661669549145578,9.313225746154785e-10,2.3283064365386963e-07,True,0.47510011778563016,0.0,0.4284256466664374,0.18911003333147772
port3,0.5,10,0.1,30,30,0,0,-0.0025201264867745522,-0.0019433353627096705,-0.0005349614175491951,9.313225746154785e-10,2.3283064365386963e-07,True,0.7795970695970694,0.0,0.21159350333036855,0.12371579666893619
port3,0.5,10,0.15,30,30,0,0,-0.0025639241833910163,-0.0019433353627096705,-0.0005853042155136298,9.313225746154785e-10,2.3283064365386963e-07,True,0.7065934065934065,0.0,0.24492274666651306,0.12621405999719476
port3,0.5,10,0.2,30,30,0,0,-0.0025577271605502793,-0.0019433353627096705,-0.0006071410378468017,9.313225746154785e-10,2.3283064365386963e-07,True,0.6452014652014653,0.0,0.24743726333157004,0.12312240333412774
port3,0.5,10,0.25,30,30,0,0,-0.002584645557288241,-0.0019433353627096705,-0.0006514697262892162,9.313225746154785e-10,2.3283064365386963e-07,True,0.5807326007326007,0.0,0.2535796666692477,0.12485766999986178
port3,0.5,10,0.3,30,30,0,0,-0.0025940511858232457,-0.0019433353627096705,-0.0006498844405009307,9.313225746154785e-10,2.3283064365386963e-07,True,0.5235531135531135,0.0,0.2770109366703158,0.12500309666696316
port3,0.5,15,0.1,30,30,0,0,-0.0025940511858232457,-0.001995770289993158,-0.000571830442017118,9.313225746154785e-10,2.3283064365386963e-07,True,0.7481036513545346,0.0,0.41786547999945467,0.21923380332979528
port3,0.5,15,0.15,30,30,0,0,-0.0025975754696398977,-0.001995770289993158,-0.0006017945137208858,9.313225746154785e-10,2.3283064365386963e-07,True,0.6785159010600709,0.0,0.42271377333187654,0.2175566900007349
port3,0.5,15,0.2,30,30,0,0,-0.002601065924802577,-0.001995770289993158,-0.0006066869335569537,9.313225746154785e-10,2.3283064365386963e-07,True,0.6131448763250884,0.0,0.4376649966667173,0.21757710333622526
port3,0.5,15,0.25,30,30,0,0,-0.002606465492652198,-0.001995770289993158,-0.0005919333289977932,9.313225746154785e-10,2.3283064365386963e-07,True,0.5437926972909305,0.0,0.48589330999917973,0.2311761433345964
port3,0.5,15,0.3,30,30,0,0,-0.002606883609506998,-0.001995770289993158,-0.0006098850299964547,9.313225746154785e-10,2.3283064365386963e-07,True,0.46586572438162543,0.0,0.5176568466665533,0.24403990000331152
port3,0.7,10,0.1,30,30,0,0,-0.0013286083394267593,-0.0010042608083872056,-0.0003201059502734964,9.313225746154785e-10,2.3283064365386963e-07,True,0.781172161172161,0.0,0.23378387333456582,0.14176472000059828
port3,0.7,10,0.15,30,30,0,0,-0.001348847724928135,-0.0010042608083872056,-0.0003368986210569977,9.313225746154785e-10,2.3283064365386963e-07,True,0.7240293040293041,0.0,0.30704018666389554,0.1566084899988103
port3,0.7,10,0.2,30,30,0,0,-0.0013652390078150857,-0.0010042608083872056,-0.00034280236396786617,9.313225746154785e-10,2.3283064365386963e-07,True,0.6505494505494506,0.0,0.2892972866635925,0.1403315333329374
port3,0.7,10,0.25,30,30,0,0,-0.001376666425956782,-0.0010042608083872056,-0.0003557269872413515,9.313225746154785e-10,2.3283064365386963e-07,True,0.594945054945055,0.0,0.27882692000324216,0.1367783266682333
port3,0.7,10,0.3,30,30,0,0,-0.0013755583871732716,-0.0010042608083872056,-0.0003659652983464787,9.313225746154785e-10,2.3283064365386963e-07,True,0.522967032967033,0.0,0.2945127733294309,0.1308171766635496
port3,0.7,15,0.1,30,30,0,0,-0.001364632246530446,-0.0010314274987714203,-0.00032620780315984724,9.313225746154785e-10,2.3283064365386963e-07,True,0.7444051825677267,0.0,0.3993507233361015,0.23803891666660396
port3,0.7,15,0.15,30,30,0,0,-0.001382945149769861,-0.0010314274987714203,-0.0003385134477379368,9.313225746154785e-10,2.3283064365386963e-07,True,0.6868551236749117,0.0,0.4594579266646178,0.2362573899968993
port3,0.7,15,0.2,30,30,0,0,-0.001385834536055316,-0.0010314274987714203,-0.00034089560564642767,9.313225746154785e-10,2.3283064365386963e-07,True,0.6220494699646644,0.0,0.413465679998626,0.199867243336242
port3,0.7,15,0.25,30,30,0,0,-0.0013875275542339644,-0.0010314274987714203,-0.0003500050828279615,9.313225746154785e-10,2.3283064365386963e-07,True,0.5421908127208481,0.0,0.40319715333074174,0.19299583333389211
port3,0.7,15,0.3,30,30,0,0,-0.0013875195524899078,-0.0010314274987714203,-0.0003543386473193771,9.313225746154785e-10,2.3283064365386963e-07,True,0.4846171967020023,0.0,0.4187557766699077,0.19049901666488342
port3,0.9,10,0.1,30,30,0,0,-0.00020037247429350758,-9.406897181555933e-05,-0.00010845858613891171,9.313225746154785e-10,2.3283064365386963e-07,True,0.771172161172161,0.0,0.21444497333238058,0.12116631332998319
port3,0.9,10,0.15,30,30,0,0,-0.00020076333117691607,-9.406897181555933e-05,-0.00010083208837779648,9.313225746154785e-10,2.3283064365386963e-07,True,0.7158974358974359,0.0,0.2948700166646934,0.18000636999786365
port3,0.9,10,0.2,30,30,0,0,-0.0002073168145948534,-9.406897181555933e-05,-0.000112146393401465,9.313225746154785e-10,2.3283064365386963e-07,True,0.6561172161172163,0.0,0.2840457566654853,0.14587356000168558
port3,0.9,10,0.25,30,30,0,0,-0.00020965848342038634,-9.406897181555933e-05,-0.00011479970117910768,9.313225746154785e-10,2.3283064365386963e-07,True,0.5994505494505495,0.0,0.30770174666443684,0.14430701333427956
port3,0.9,10,0.3,30,30,0,0,-0.0002123752068827892,-9.406897181555933e-05,-0.00011680840214171124,9.313225746154785e-10,2.3283064365386963e-07,True,0.5146153846153846,0.0,0.36360173333184015,0.16342016333558906
port3,0.9,15,0.1,30,30,0,0,-0.00021007159644636847,-9.892051889493454e-05,-0.00011079626439466507,9.313225746154785e-10,2.3283064365386963e-07,True,0.7429210836277972,0.0,0.36385298666815896,0.1966810766675432
port3,0.9,15,0.15,30,30,0,0,-0.00021411927840072362,-9.892051889493454e-05,-0.00011437377740176546,9.313225746154785e-10,2.3283064365386963e-07,True,0.6875382803297999,0.0,0.4497298000002047,0.23521450333161434
port3,0.9,15,0.2,30,30,0,0,-0.00021623276833677478,-9.892051889493454e-05,-0.00011636603711187002,9.313225746154785e-10,2.3283064365386963e-07,True,0.6159717314487633,0.0,0.3892595966666704,0.21318242666990653
port3,0.9,15,0.25,30,30,0,0,-0.00021718775714877093,-9.892051889493454e-05,-0.00011500061531359991,9.313225746154785e-10,2.3283064365386963e-07,True,0.5352885747938753,0.0,0.5389239299974482,0.23398232666853194
port3,0.9,15,0.3,30,30,0,0,-0.00021586826736439527,-9.892051889493454e-05,-0.00011363434079139859,9.313225746154785e-10,2.3283064365386963e-07,True,0.45564193168433464,0.0,0.4665549999976065,0.20367400333343538
port4,0.1,10,0.1,30,30,0,0,-0.0057019606801312454,-0.004269834327152657,-0.0014623165595018897,9.313225746154785e-10,2.3283064365386963e-07,True,0.7779120879120877,0.0,0.22189577999912824,0.11652831666870042
port4,0.1,10,0.15,30,30,0,0,-0.005727273596920646,-0.004269834327152657,-0.0014178217758042096,9.313225746154785e-10,2.3283064365386963e-07,True,0.7078388278388278,0.0,0.24361649000299318,0.11853815666787947
port4,0.1,10,0.2,30,30,0,0,-0.005857506253742373,-0.004269834327152657,-0.0015665481084831804,9.313225746154785e-10,2.3283064365386963e-07,True,0.6530402930402931,0.0,0.23507364000251982,0.11904483000204588
port4,0.1,10,0.25,30,30,0,0,-0.0059616182099135814,-0.004269834327152657,-0.00166833445169898,9.313225746154785e-10,2.3283064365386963e-07,True,0.5819413919413919,0.0,0.2550323266681517,0.1312634933371252
port4,0.1,10,0.3,30,30,0,0,-0.005959741364902795,-0.004269834327152657,-0.0016105453816069714,9.313225746154785e-10,2.3283064365386963e-07,True,0.5227838827838828,0.0,0.31671435333264525,0.1374015566689195
port4,0.1,15,0.1,30,30,0,0,-0.005875482110105071,-0.004304564732684675,-0.0015970949925980774,9.313225746154785e-10,2.3283064365386963e-07,True,0.742497055359246,0.0,0.33985491999871253,0.18592543666503236
port4,0.1,15,0.15,30,30,0,0,-0.0059720182266716475,-0.004304564732684675,-0.0016186215089510074,9.313225746154785e-10,2.3283064365386963e-07,True,0.6775736160188458,0.0,0.3622089199983748,0.19350327666519054
port4,0.1,15,0.2,30,30,0,0,-0.00599383147678904,-0.004304564732684675,-0.0016743434032429273,9.313225746154785e-10,2.3283064365386963e-07,True,0.6120141342756182,0.0,0.38848811999875277,0.19216142666409725
port4,0.1,15,0.25,30,30,0,0,-0.006038723783597235,-0.004304564732684675,-0.0017301214500719101,9.313225746154785e-10,2.3283064365386963e-07,True,0.5295170789163721,0.0,0.40401043999978964,0.19797863333466617
port4,0.1,15,0.3,30,30,0,0,-0.006042741546054406,-0.004304564732684675,-0.0017177094098647888,9.313225746154785e-10,2.3283064365386963e-07,True,0.46219081272084794,0.0,0.43438993000503007,0.2025146599994817
port4,0.3,10,0.1,30,30,0,0,-0.004212401187585703,-0.0032235240620192155,-0.0010031138851154843,9.313225746154785e-10,2.3283064365386963e-07,True,0.7796703296703296,0.0,0.24043476666265634,0.13052470666492202
port4,0.3,10,0.15,30,30,0,0,-0.004383141268980758,-0.0032235240620192155,-0.0010700664187496241,9.313225746154785e-10,2.3283064365386963e-07,True,0.7043956043956042,0.0,0.31060143999930007,0.17693542666384018
port4,0.3,10,0.2,30,30,0,0,-0.004435578747579135,-0.0032235240620192155,-0.001220049860761739,9.313225746154785e-10,2.3283064365386963e-07,True,0.6470695970695971,0.0,0.3109031866673225,0.15517570666852407
port4,0.3,10,0.25,30,30,0,0,-0.004490073026522566,-0.0032235240620192155,-0.0012718509211993023,9.313225746154785e-10,2.3283064365386963e-07,True,0.582051282051282,0.0,0.3399626733318049,0.16124849666375668
port4,0.3,10,0.3,30,30,0,0,-0.004466687731199334,-0.0032235240620192155,-0.001260023833973781,9.313225746154785e-10,2.3283064365386963e-07,True,0.506996336996337,0.0,0.33164909333669734,0.14564684666984248
port4,0.3,15,0.1,30,30,0,0,-0.004439274434364119,-0.003257552743304282,-0.0011356669398512912,9.313225746154785e-10,2.3283064365386963e-07,True,0.7393875147232039,0.0,0.4111770100008774,0.2324170666669185
port4,0.3,15,0.15,30,30,0,0,-0.004522440254799457,-0.003257552743304282,-0.0012432065825783902,9.313225746154785e-10,2.3283064365386963e-07,True,0.6703886925795053,0.0,0.41341586666821967,0.21877573333331385
port4,0.3,15,0.2,30,30,0,0,-0.004525719728482244,-0.003257552743304282,-0.0012431900904234345,9.313225746154785e-10,2.3283064365386963e-07,True,0.6134511189634864,0.0,0.4548278066678904,0.23952717333352969
port4,0.3,15,0.25,30,30,0,0,-0.004544423595753888,-0.003257552743304282,-0.0012584948931187172,9.313225746154785e-10,2.3283064365386963e-07,True,0.5371967020023557,0.0,0.589904676663961,0.26090079666658617
port4,0.3,15,0.3,30,30,0,0,-0.004544423595753888,-0.003257552743304282,-0.0012749561776622337,9.313225746154785e-10,2.3283064365386963e-07,True,0.4640518256772674,0.0,0.5290315899997949,0.22675381333004527
port4,0.5,10,0.1,30,30,0,0,-0.002875296046330413,-0.002188679361091113,-0.0007064758837320999,9.313225746154785e-10,2.3283064365386963e-07,True,0.7742124542124543,0.0,0.23280875666823703,0.11778255000244826
port4,0.5,10,0.15,30,30,0,0,-0.002929322514487114,-0.002188679361091113,-0.0007013839513380186,9.313225746154785e-10,2.3283064365386963e-07,True,0.7137728937728938,0.0,0.25068504000082614,0.13597687999911917
port4,0.5,10,0.2,30,30,0,0,-0.003001773583394822,-0.002188679361091113,-0.0007700973006412877,9.313225746154785e-10,2.3283064365386963e-07,True,0.6582051282051282,0.0,0.3229639666688551,0.17328046000135752
port4,0.5,10,0.25,30,30,0,0,-0.0030210033228622907,-0.002188679361091113,-0.0008380112903579532,9.313225746154785e-10,2.3283064365386963e-07,True,0.5829304029304029,0.0,0.29181316666460283,0.13472335666398674
port4,0.5,10,0.3,30,30,0,0,-0.00302602221116415,-0.002188679361091113,-0.0007971486549316089,9.313225746154785e-10,2.3283064365386963e-07,True,0.5227838827838828,0.0,0.32157320000017836,0.14350530666609604
port4,0.5,15,0.1,30,30,0,0,-0.003009678132631057,-0.0022132590927753603,-0.0008100090287335327,9.313225746154785e-10,2.3283064365386963e-07,True,0.7483392226148411,0.0,0.38972923666685044,0.21467609333631116
port4,0.5,15,0.15,30,30,0,0,-0.0030396994546276453,-0.0022132590927753603,-0.0008386526634823648,9.313225746154785e-10,2.3283064365386963e-07,True,0.6737102473498234,0.0,0.47518624999987275,0.2640838566692158
port4,0.5,15,0.2,30,30,0,0,-0.0030681234878672317,-0.0022132590927753603,-0.0008428000823844553,9.313225746154785e-10,2.3283064365386963e-07,True,0.6094935217903416,0.0,0.42124829000191916,0.20911036333224425
port4,0.5,15,0.25,30,30,0,0,-0.003051384405674329,-0.0022132590927753603,-0.000823208827204637,9.313225746154785e-10,2.3283064365386963e-07,True,0.5580683156654888,0.0,0.44080488000278517,0.20243407666663796
port4,0.5,15,0.3,30,30,0,0,-0.0030681234878672317,-0.0022132590927753603,-0.0008420039613999898,9.313225746154785e-10,2.3283064365386963e-07,True,0.4666902237926973,0.0,0.5032652500007923,0.22264227666601072
port4,0.7,10,0.1,30,30,0,0,-0.001516329582455483,-0.0011559775825348544,-0.00033617455069129005,9.313225746154785e-10,2.3283064365386963e-07,True,0.785091575091575,0.0,0.23762981333517624,0.12746928000415209
port4,0.7,10,0.15,30,30,0,0,-0.0015529060598250069,-0.0011559775825348544,-0.0003751530885000525,9.313225746154785e-10,2.3283064365386963e-07,True,0.7236630036630036,0.0,0.26756073666814095,0.1452226933334411
port4,0.7,10,0.2,30,30,0,0,-0.00155823067705605,-0.0011559775825348544,-0.0003973389021052915,9.313225746154785e-10,2.3283064365386963e-07,True,0.6461904761904762,0.0,0.2545638599995679,0.12943248333370624
port4,0.7,10,0.25,30,30,0,0,-0.0015799307956605112,-0.0011559775825348544,-0.00041254778224919823,9.313225746154785e-10,2.3283064365386963e-07,True,0.5834432234432235,0.0,0.26523330333584455,0.12397019333050897
port4,0.7,10,0.3,30,30,0,0,-0.0015916197755238386,-0.0011559775825348544,-0.00043182306354558244,9.313225746154785e-10,2.3283064365386963e-07,True,0.5238461538461539,0.0,0.27939618333475663,0.12231363333121407
port4,0.7,15,0.1,30,30,0,0,-0.0015790510180311108,-0.0011705090527432494,-0.00040502811779298206,9.313225746154785e-10,2.3283064365386963e-07,True,0.7439104829210837,0.0,0.3526420799986226,0.19734337333550986
port4,0.7,15,0.15,30,30,0,0,-0.0015993974502362374,-0.0011705090527432494,-0.00042745937964899945,9.313225746154785e-10,2.3283064365386963e-07,True,0.6681036513545349,0.0,0.37748825999927554,0.18912677666424618
port4,0.7,15,0.2,30,30,0,0,-0.0016006360444421656,-0.0011705090527432494,-0.0004268710441196903,9.313225746154785e-10,2.3283064365386963e-07,True,0.6116843345111895,0.0,0.3976802533346927,0.20085818000079597
port4,0.7,15,0.25,30,30,0,0,-0.0016025851327097864,-0.0011705090527432494,-0.0004303788024447305,9.313225746154785e-10,2.3283064365386963e-07,True,0.553616018845701,0.0,0.4164228200010257,0.1999875866662478
port4,0.7,15,0.3,30,30,0,0,-0.001603507243062817,-0.0011705090527432494,-0.0004346866512796503,9.313225746154785e-10,2.3283064365386963e-07,True,0.4616254416961131,0.0,0.49956528666468025,0.22781500333706692
port4,0.9,10,0.1,30,30,0,0,-0.00024012910107438224,-0.00016460486250011495,-7.581160620361119e-05,9.313225746154785e-10,2.3283064365386963e-07,True,0.783113553113553,0.0,0.232234926665357,0.12885075000231155
port4,0.9,10,0.15,30,30,0,0,-0.0002464630075135337,-0.00016460486250011495,-8.627354901777488e-05,9.313225746154785e-10,2.3283064365386963e-07,True,0.7173260073260075,0.0,0.2506338200017732,0.1357039366712949
port4,0.9,10,0.2,30,30,0,0,-0.00025310284043076584,-0.00016460486250011495,-8.826170962550263e-05,9.313225746154785e-10,2.3283064365386963e-07,True,0.6487179487179487,0.0,0.24628156000010978,0.12544885666284245
port4,0.9,10,0.25,30,30,0,0,-0.00025353735276107065,-0.00016460486250011495,-8.802951015176794e-05,9.313225746154785e-10,2.3283064365386963e-07,True,0.5862637362637363,0.0,0.2901996666614044,0.13996994000238677
port4,0.9,10,0.3,30,30,0,0,-0.00025583411839449205,-0.00016460486250011495,-8.960372491390763e-05,9.313225746154785e-10,2.3283064365386963e-07,True,0.5221978021978022,0.0,0.26558497999697767,0.12454898333526217
port4,0.9,15,0.1,30,30,0,0,-0.0002538739508008073,-0.00016535711981954316,-9.098746149457673e-05,9.313225746154785e-10,2.3283064365386963e-07,True,0.7330035335689046,0.0,0.3540270200008914,0.19152231333234038
port4,0.9,15,0.15,30,30,0,0,-0.000256766639130634,-0.00016535711981954316,-8.957592962146059e-05,9.313225746154785e-10,2.3283064365386963e-07,True,0.6755948174322733,0.0,0.4189693700017718,0.22315072000104313
port4,0.9,15,0.2,30,30,0,0,-0.0002603000356926179,-0.00016535711981954316,-9.328075482476847e-05,9.313225746154785e-10,2.3283064365386963e-07,True,0.5848292108362779,0.0,0.543476503334629,0.26783835666622813
port4,0.9,15,0.25,30,30,0,0,-0.0002599184599014982,-0.00016535711981954316,-9.402118102346782e-05,9.313225746154785e-10,2.3283064365386963e-07,True,0.5241696113074205,0.0,0.4518860000001344,0.19962431666693495
port4,0.9,15,0.3,30,30,0,0,-0.00025974798309511313,-0.00016535711981954316,-9.326081076123927e-05,9.313225746154785e-10,2.3283064365386963e-07,True,0.44824499411071844,0.0,0.44410658000269904,0.19555277333420235
port5,0.1,10,0.1,30,30,0,0,-0.002060080387511154,-0.000486458728110427,-0.0015287250356013464,9.313225746154785e-10,2.3283064365386963e-07,True,0.7684615384615384,0.0,0.2226490099982281,0.11433971666750344
port5,0.1,10,0.15,30,30,0,0,-0.002199384256680618,-0.000486458728110427,-0.0016474106893166964,9.313225746154785e-10,2.3283064365386963e-07,True,0.6977289377289378,0.0,0.2375297399975049,0.11715071666694712
port5,0.1,10,0.2,30,30,0,0,-0.0023044973131127002,-0.000486458728110427,-0.001851698455887911,9.313225746154785e-10,2.3283064365386963e-07,True,0.6338827838827839,0.0,0.2410019633321402,0.119397496667807
port5,0.1,10,0.25,30,30,0,0,-0.0024865661575539585,-0.000486458728110427,-0.001978330240206847,9.313225746154785e-10,2.3283064365386963e-07,True,0.556996336996337,0.0,0.25139351999678183,0.11984945333291155
port5,0.1,10,0.3,30,30,0,0,-0.0025507215487265713,-0.000486458728110427,-0.0020818639487334557,9.313225746154785e-10,2.3283064365386963e-07,True,0.5034065934065934,0.0,0.2802498899992012,0.12526605333065768
port5,0.1,15,0.1,30,30,0,0,-0.00244281140286992,-0.0005824381986256715,-0.0018590452966917555,9.313225746154785e-10,2.3283064365386963e-07,True,0.7180212014134274,0.0,0.33120140333194287,0.18362042333368056
port5,0.1,15,0.15,30,30,0,0,-0.0025236203424488153,-0.0005824381986256715,-0.0018997337231541518,9.313225746154785e-10,2.3283064365386963e-07,True,0.6473733804475853,0.0,0.37330499666568356,0.19689938666512413
port5,0.1,15,0.2,30,30,0,0,-0.0026203515866652137,-0.0005824381986256715,-0.0020297888303394667,9.313225746154785e-10,2.3283064365386963e-07,True,0.5675853945818611,0.0,0.39914277000158715,0.1969695599982515
port5,0.1,15,0.25,30,30,0,0,-0.0026532233981214817,-0.0005824381986256715,-0.0021105048444258518,9.313225746154785e-10,2.3283064365386963e-07,True,0.5022143698468786,0.0,0.408709279994946,0.1921086733355575
port5,0.1,15,0.3,30,30,0,0,-0.002661875721632571,-0.0005824381986256715,-0.002152510801054183,9.313225746154785e-10,2.3283064365386963e-07,True,0.4327679623085984,0.0,0.4317998066690052,0.19134392666552838
port5,0.3,10,0.1,30,30,0,0,-0.0014451563348312053,-0.00020272845384164054,-0.0012205236707689474,9.313225746154785e-10,2.3283064365386963e-07,True,0.7645054945054944,0.0,0.20904622333279502,0.11904843666610153
port5,0.3,10,0.15,30,30,0,0,-0.0015532190588832214,-0.00020272845384164054,-0.0013781475818841408,9.313225746154785e-10,2.3283064365386963e-07,True,0.700915750915751,0.0,0.2307747433350111,0.1262656933356387
port5,0.3,10,0.2,30,30,0,0,-0.0017352603098019434,-0.00020272845384164054,-0.00146365954378625,9.313225746154785e-10,2.3283064365386963e-07,True,0.6266666666666667,0.0,0.2353472899965709,0.11674475000278714
port5,0.3,10,0.25,30,30,0,0,-0.001683019033103703,-0.00020272845384164054,-0.0014469952095796247,9.313225746154785e-10,2.3283064365386963e-07,True,0.5748717948717949,0.0,0.2588538466700508,0.12563265333301388
port5,0.3,10,0.3,30,30,0,0,-0.0018073901153053836,-0.00020272845384164054,-0.0015732482958466252,9.313225746154785e-10,2.3283064365386963e-07,True,0.5010256410256411,0.0,0.28116155666454384,0.12738680333131924
port5,0.3,15,0.1,30,30,0,0,-0.001708555879008917,-0.0002669262597044615,-0.0014318611338495373,9.313225746154785e-10,2.3283064365386963e-07,True,0.7196702002355712,0.0,0.34308620999994066,0.1882167666684836
port5,0.3,15,0.15,30,30,0,0,-0.0018214894569356086,-0.0002669262597044615,-0.001532514841113952,9.313225746154785e-10,2.3283064365386963e-07,True,0.6470435806831568,0.0,0.3721014566690428,0.19448426666591936
port5,0.3,15,0.2,30,30,0,0,-0.0018904860289439959,-0.0002669262597044615,-0.0016027473914789632,9.313225746154785e-10,2.3283064365386963e-07,True,0.5691872791519436,0.0,0.3864398333331337,0.18847615333409826
port5,0.3,15,0.25,30,30,0,0,-0.001866915931076105,-0.0002669262597044615,-0.001592710180399341,9.313225746154785e-10,2.3283064365386963e-07,True,0.5054416961130742,0.0,0.40168614000140224,0.18650961000433502
port5,0.3,15,0.3,30,30,0,0,-0.0019201269530930618,-0.0002669262597044615,-0.001615005166687342,9.313225746154785e-10,2.3283064365386963e-07,True,0.42518256772673735,0.0,0.4433070466669354,0.19712513666405965
port5,0.5,10,0.1,30,30,0,0,-0.0008561116682162732,6.628004129249806e-05,-0.0009471430742244177,9.313225746154785e-10,2.3283064365386963e-07,True,0.7606227106227107,0.0,0.24296047332851836,0.13705633333593142
port5,0.5,10,0.15,30,30,0,0,-0.0009758851108917913,6.628004129249806e-05,-0.0010433347353454405,9.313225746154785e-10,2.3283064365386963e-07,True,0.6952014652014653,0.0,0.2659107233310351,0.1398936199984746
port5,0.5,10,0.2,30,30,0,0,-0.0009873391656916347,6.628004129249806e-05,-0.0010719015339850841,9.313225746154785e-10,2.3283064365386963e-07,True,0.627875457875458,0.0,0.25122963333754644,0.1274620866655217
port5,0.5,10,0.25,30,30,0,0,-0.0010232739584541193,6.628004129249806e-05,-0.0010864857656606695,9.313225746154785e-10,2.3283064365386963e-07,True,0.5660805860805861,0.0,0.2641419666693158,0.1295782666663096
port5,0.5,10,0.3,30,30,0,0,-0.0010827724749029816,6.628004129249806e-05,-0.0011542870079633825,9.313225746154785e-10,2.3283064365386963e-07,True,0.5044688644688644,0.0,0.2712513866650018,0.12073032666521613
port5,0.5,15,0.1,30,30,0,0,-0.0010774972474243251,2.8289125139453405e-05,-0.0010583690468904886,9.313225746154785e-10,2.3283064365386963e-07,True,0.7142756183745586,0.0,0.34282080667035186,0.18731008666703322
port5,0.5,15,0.15,30,30,0,0,-0.001098551647822786,2.8289125139453405e-05,-0.0010932140729178839,9.313225746154785e-10,2.3283064365386963e-07,True,0.635359246171967,0.0,0.37383125999864814,0.19347596333633799
port5,0.5,15,0.2,30,30,0,0,-0.0011672427925089285,2.8289125139453405e-05,-0.0011665047818812198,9.313225746154785e-10,2.3283064365386963e-07,True,0.5759481743227325,0.0,0.39447768666432237,0.20079724333481863
port5,0.5,15,0.25,30,30,0,0,-0.0011483219532212206,2.8289125139453405e-05,-0.0011315849718338024,9.313225746154785e-10,2.3283064365386963e-07,True,0.5057950530035336,0.0,0.40862778999920313,0.19358861000024868
port5,0.5,15,0.3,30,30,0,0,-0.0011690519240312547,2.8289125139453405e-05,-0.0011962320931637742,9.313225746154785e-10,2.3283064365386963e-07,True,0.42723203769140167,0.0,0.4266493733370832,0.1873879233346088
port5,0.7,10,0.1,30,30,0,0,-0.00025438327909063147,0.0003366889032270112,-0.0005830386279045026,9.313225746154785e-10,2.3283064365386963e-07,True,0.7717216117216117,0.0,0.22180415000087425,0.12785193000163417
port5,0.7,10,0.15,30,30,0,0,-0.0003006163737700132,0.0003366889032270112,-0.0006203813760784909,9.313225746154785e-10,2.3283064365386963e-07,True,0.7003296703296703,0.0,0.23964125333392683,0.12841308666975237
port5,0.7,10,0.2,30,30,0,0,-0.00035207728135943847,0.0003366889032270112,-0.0006703364416183646,9.313225746154785e-10,2.3283064365386963e-07,True,0.6217948717948719,0.0,0.23668719666505542,0.12095011666242499
port5,0.7,10,0.25,30,30,0,0,-0.0003497227349337187,0.0003366889032270112,-0.0006981249085892494,9.313225746154785e-10,2.3283064365386963e-07,True,0.5604761904761905,0.0,0.2636404766652655,0.12788074999989477
port5,0.7,10,0.3,30,30,0,0,-0.0003739345267379946,0.0003366889032270112,-0.0006993585681840434,9.313225746154785e-10,2.3283064365386963e-07,True,0.48908424908424913,0.0,0.2744824066699948,0.12900036999878164
port5,0.7,15,0.1,30,30,0,0,-0.00037091215072746484,0.0002947098183088706,-0.0006617330355319786,9.313225746154785e-10,2.3283064365386963e-07,True,0.7138751472320376,0.0,0.39954628666455394,0.20218394666638537
port5,0.7,15,0.15,30,30,0,0,-0.0003666887327623408,0.0002947098183088706,-0.0006622446383477694,9.313225746154785e-10,2.3283064365386963e-07,True,0.6475147232037692,0.0,0.4139745433310357,0.19832085333182475
port5,0.7,15,0.2,30,30,0,0,-0.0003974441315831649,0.0002947098183088706,-0.0006918661786886734,9.313225746154785e-10,2.3283064365386963e-07,True,0.573545347467609,0.0,0.3815431133300687,0.19223770666479442
port5,0.7,15,0.25,30,30,0,0,-0.00042957883033141627,0.0002947098183088706,-0.0007150414617464042,9.313225746154785e-10,2.3283064365386963e-07,True,0.48680800942285035,0.0,0.4135157366671289,0.19163296666908233
port5,0.7,15,0.3,30,30,0,0,-0.00044338148604641163,0.0002947098183088706,-0.0007426829745901435,9.313225746154785e-10,2.3283064365386963e-07,True,0.43415783274440517,0.0,0.43970205332928647,0.19564618332854783
port5,0.9,10,0.1,30,30,0,0,0.00026579235835934995,0.0005589202248984587,-0.0002768238439930609,9.313225746154785e-10,2.3283064365386963e-07,True,0.7578754578754577,0.0,0.2084335833331958,0.11831946333113592
port5,0.9,10,0.15,30,30,0,0,0.000246112039928021,0.0005589202248984587,-0.0003026986310132506,9.313225746154785e-10,2.3283064365386963e-07,True,0.6984981684981685,0.0,0.23864065333036705,0.13342954666683607
port5,0.9,10,0.2,30,30,0,0,0.0002317413824459988,0.0005589202248984587,-0.00033412413326162286,9.313225746154785e-10,2.3283064365386963e-07,True,0.6343589743589745,0.0,0.2410748266702285,0.11982808999988871
port5,0.9,10,0.25,30,30,0,0,0.00022783774241853403,0.0005589202248984587,-0.0003351092872933235,9.313225746154785e-10,2.3283064365386963e-07,True,0.5616117216117217,0.0,0.2608609299970946,0.12687609332982294
port5,0.9,10,0.3,30,30,0,0,0.00022143629669563652,0.0005589202248984587,-0.000333610400253531,9.313225746154785e-10,2.3283064365386963e-07,True,0.5004029304029304,0.0,0.2668263033333157,0.1229507533358022
port5,0.9,15,0.1,30,30,0,0,0.0002295454885481989,0.0005378544954750392,-0.0003171992486059338,9.313225746154785e-10,2.3283064365386963e-07,True,0.727962308598351,0.0,0.33811048000255445,0.18513946333356823
port5,0.9,15,0.15,30,30,0,0,0.00021462322961965076,0.0005378544954750392,-0.00032778196972677986,9.313225746154785e-10,2.3283064365386963e-07,True,0.6433451118963487,0.0,0.36910909666718605,0.19242467333291036
port5,0.9,15,0.2,30,30,0,0,0.00020381358211036431,0.0005378544954750392,-0.00033384489984351,9.313225746154785e-10,2.3283064365386963e-07,True,0.580188457008245,0.0,0.3810590466688154,0.19595139000351386
port5,0.9,15,0.25,30,30,0,0,0.0002011389086953199,0.0005378544954750392,-0.00033746700852791203,9.313225746154785e-10,2.3283064365386963e-07,True,0.503510011778563,0.0,0.415589700001874,0.20548176333444038
port5,0.9,15,0.3,30,30,0,0,0.00019421283159915583,0.0005378544954750392,-0.00034003311692588786,9.313225746154785e-10,2.3283064365386963e-07,True,0.4298704358068316,0.0,0.4216279666647703,0.179859223330277
