dataset,lambda,n_samples,surrogate_seconds,slsqp_seconds,speedup
port1,0.1,30,0.0007981999951880425,0.15175879999878816,190.12628528397366
port1,0.3,30,0.0007306000043172389,0.12933160000829957,177.021077530875
port1,0.5,30,0.0007394000131171197,0.14295419998234138,193.33810852894547
port1,0.7,30,0.0009971999970730394,0.16491280001355335,165.37585288568187
port1,0.9,30,0.0007150000019464642,0.17674799999804236,247.19999932430267
port2,0.1,30,0.0007865999941714108,0.11663530001533218,148.27777889598582
port2,0.3,30,0.0007428000099025667,0.13232750000315718,178.14687431212423
port2,0.5,30,0.0007288000197149813,0.13859200000297278,190.16464908600477
port2,0.7,30,0.0007340999727603048,0.1541682000097353,210.00981573401262
port2,0.9,30,0.0010121000232174993,0.19186150000314228,189.56772611585194
port3,0.1,30,0.000764199998229742,0.15951279998989776,208.7317460866354
port3,0.3,30,0.0007838999736122787,0.15756530000362545,201.00179271285208
port3,0.5,30,0.0012986999936401844,0.16846590000204742,129.7188733556907
port3,0.7,30,0.0008233000116888434,0.18401440000161529,223.5083170035972
port3,0.9,30,0.0007368999940808862,0.21657390001928434,293.89863178030095
port4,0.1,30,0.0010196999937761575,0.17180529999313876,168.486124391262
port4,0.3,30,0.0009700999944470823,0.1686974000185728,173.8969188580642
port4,0.5,30,0.0007996999775059521,0.18041640002047643,225.6051082846674
port4,0.7,30,0.0007692000071983784,0.2164098999928683,281.3441211227858
port4,0.9,30,0.000753100001020357,0.29054869999527,385.8036112091523
port5,0.1,30,0.0009111999825108796,0.16908610000973567,185.5642046258674
port5,0.3,30,0.0008175999973900616,0.1551962000085041,189.81922762221205
port5,0.5,30,0.0015167999954428524,0.16562909999629483,109.19640064208791
port5,0.7,30,0.0009267999848816544,0.16614980000304058,179.27255363977665
port5,0.9,30,0.002176899986807257,0.20737720001488924,95.26262174269122
